no.,time,dht_humidity,dht_temperature,aw_current_temp,aw_current_rftemp,aw_current_rftemp_shade,aw_current_hum,aw_current_israining,aw_future_temp,aw_future_rftemp,aw_future_hum,ds_current_temp,ds_current_rftemp,ds_current_hum,ds_future_temp,ds_future_rftemp,ds_future_hum
1,30 Jul 2019 18:10,54.0,29.2,22.8,23.4,23.4,83,False,20.5,19.4,76,22.18,22.82,91.0,20.42,20.55,78.0
2,30 Jul 2019 20:10,79.3,25.5,22.8,23.0,23.0,77,False,16.9,15.6,86,22.27,22.73,83.0,18.48,18.48,73.0
3,30 Jul 2019 22:10,82.3,24.1,20.0,20.0,20.0,93,False,16.3,15.4,87,19.63,20.2,98.0,16.34,16.34,81.0
4,31 Jul 2019 00:10,88.6,23.0,21.1,19.9,19.9,82,False,16.3,15.6,87,19.14,19.6,95.0,16.05,16.05,84.0
5,31 Jul 2019 02:10,83.7,22.3,20.0,18.3,18.3,72,False,19.6,19.7,69,18.66,18.66,75.0,18.48,18.48,74.0
6,31 Jul 2019 04:10,76.3,20.9,17.8,16.5,16.5,82,False,22.1,23.8,54,17.38,17.38,80.0,21.08,21.08,64.0
7,31 Jul 2019 06:10,78.9,19.6,17.2,16.9,15.9,87,False,23.8,27.0,47,16.99,17.03,88.0,22.74,22.74,56.99999999999999
8,31 Jul 2019 08:10,81.6,19.4,20.0,21.8,18.8,68,False,25.4,26.8,40,19.01,19.01,74.0,22.89,22.89,56.00000000000001
9,31 Jul 2019 10:10,69.7,22.5,22.2,26.2,21.2,56,False,24.2,25.1,42,22.41,22.41,60.0,24.36,24.36,47.0
10,31 Jul 2019 12:10,44.8,27.4,25.0,28.1,23.5,50,False,23.1,23.0,42,24.26,24.26,53.0,23.74,23.74,46.0
11,31 Jul 2019 14:10,44.8,28.1,25.0,26.9,23.4,46,False,21.2,20.0,47,25.14,25.14,47.0,20.94,20.94,52.0
12,31 Jul 2019 16:10,43.2,28.0,25.0,25.8,23.5,46,False,18.3,17.3,55,25.94,25.94,45.0,17.92,17.92,59.0
13,31 Jul 2019 18:10,42.4,27.0,25.0,24.2,23.3,43,False,16.5,15.8,61,23.62,23.62,46.0,16.17,16.17,64.0
14,31 Jul 2019 20:10,43.6,25.5,22.8,21.2,21.2,40,False,15.0,14.8,67,22.64,22.64,39.0,15.82,15.82,62.0
15,31 Jul 2019 22:10,40.2,23.6,21.1,19.7,19.7,42,False,14.9,15.3,70,19.67,19.67,49.0,14.95,14.95,67.0
16,01 Aug 2019 00:10,38.7,22.6,18.9,17.6,17.6,48,False,14.2,14.6,76,18.91,18.91,50.0,14.73,14.73,70.0
17,01 Aug 2019 02:10,41.3,21.7,17.8,17.2,17.2,55,False,17.3,18.6,62,18.16,18.16,52.0,16.93,16.93,62.0
18,01 Aug 2019 04:10,43.9,21.0,17.2,16.6,16.6,59,False,20.3,21.6,50,16.83,16.83,60.0,19.44,19.44,54.0
19,01 Aug 2019 06:10,45.8,20.0,16.1,16.8,16.8,63,False,22.5,25.1,42,16.45,16.45,63.0,21.3,21.3,49.0
20,01 Aug 2019 08:10,53.2,19.0,17.2,18.8,18.8,63,False,24.2,25.5,37,18.22,18.22,57.99999999999999,23.35,23.35,44.0
21,01 Aug 2019 10:10,39.7,25.1,21.1,25.3,20.3,49,False,23.3,23.4,40,19.55,19.55,55.00000000000001,24.16,24.16,42.0
22,01 Aug 2019 12:10,40.1,25.0,22.8,27.3,21.6,40,False,22.3,21.9,43,22.78,22.78,44.0,23.58,23.58,44.0
23,01 Aug 2019 14:10,33.2,27.6,23.9,24.2,22.6,40,False,20.3,19.5,51,24.35,24.35,36.0,20.91,20.91,53.0
24,01 Aug 2019 16:10,36.4,26.3,23.9,23.6,22.3,43,False,18.6,17.5,61,24.15,24.15,42.0,17.86,17.86,65.0
25,01 Aug 2019 18:10,38.5,26.3,22.8,22.0,21.2,46,False,16.5,16.5,73,23.37,23.37,45.0,15.46,15.46,78.0
26,01 Aug 2019 20:10,41.4,24.4,21.1,19.8,19.8,52,False,15.2,15.3,81,21.11,21.11,52.0,15.08,15.08,83.0
27,01 Aug 2019 22:10,46.3,22.0,17.8,17.9,17.9,63,False,14.4,14.8,89,18.19,18.19,66.0,14.44,14.44,87.0
28,02 Aug 2019 00:10,54.9,20.5,16.1,15.4,15.4,77,False,15.1,15.4,87,16.89,16.89,76.0,14.37,14.37,88.0
29,02 Aug 2019 02:10,68.7,19.1,15.0,15.5,15.5,87,False,17.0,18.6,77,14.19,14.19,89.0,16.19,16.19,79.0
30,02 Aug 2019 06:10,79.3,17.5,12.8,12.9,12.9,93,False,20.3,20.8,58,13.41,13.41,92.0,20.11,20.11,59.0
31,02 Aug 2019 08:10,82.3,16.7,17.8,19.0,16.8,67,False,22.4,22.9,47,16.02,16.02,81.0,22.49,22.49,51.0
32,02 Aug 2019 10:10,74.1,19.9,17.8,17.4,16.5,72,False,21.8,21.3,50,18.8,18.8,67.0,22.62,22.62,51.0
33,02 Aug 2019 12:10,61.5,21.4,20.0,19.8,18.2,55,False,20.9,19.8,53,19.86,19.86,56.99999999999999,22.31,22.31,53.0
34,02 Aug 2019 14:10,54.5,23.4,20.0,20.2,18.4,55,False,19.4,18.2,60,20.76,20.76,57.99999999999999,19.73,19.73,62.0
35,02 Aug 2019 16:10,57.2,21.5,20.0,18.7,18.7,59,False,17.3,17.4,71,18.86,18.86,65.0,17.51,17.51,71.0
36,02 Aug 2019 18:10,58.5,21.4,20.0,18.5,18.5,59,False,16.0,16.1,78,20.13,20.13,60.0,15.53,15.53,79.0
37,02 Aug 2019 20:10,57.6,21.6,18.9,18.5,18.5,63,False,14.8,15.2,81,18.32,18.32,65.0,13.42,13.42,85.0
38,02 Aug 2019 22:10,65.8,19.7,15.0,15.5,15.5,82,False,13.1,13.4,88,15.16,15.16,79.0,12.81,12.81,85.0
39,03 Aug 2019 00:10,75.3,17.8,12.8,14.4,14.4,93,False,13.9,14.8,85,14.35,14.35,90.0,13.75,13.75,80.0
40,03 Aug 2019 02:10,80.0,16.3,11.1,12.9,12.9,100,False,17.0,19.4,69,11.55,11.55,96.0,16.45,16.45,69.0
41,03 Aug 2019 04:10,82.8,15.7,11.1,12.3,12.3,100,False,19.6,21.4,54,12.19,12.19,94.0,19.17,19.17,60.0
42,03 Aug 2019 06:10,82.2,15.4,12.8,15.0,15.0,93,False,21.5,22.5,47,13.61,13.61,87.0,20.57,20.57,54.0
43,03 Aug 2019 08:10,82.5,16.5,17.2,18.7,17.0,77,False,22.8,23.2,40,16.73,16.73,76.0,22.09,22.09,47.0
44,03 Aug 2019 10:10,69.5,19.4,20.0,22.6,18.8,55,False,22.4,21.8,42,19.8,19.8,60.0,22.75,22.75,45.0
45,03 Aug 2019 12:10,48.2,24.9,21.1,23.1,19.5,49,False,21.8,21.4,42,21.85,21.85,47.0,22.19,22.19,46.0
46,03 Aug 2019 14:10,45.7,23.6,22.2,22.3,20.2,46,False,20.0,18.9,47,23.66,23.66,40.0,19.72,19.72,51.0
47,03 Aug 2019 16:10,36.2,26.4,23.9,23.1,22.2,35,False,17.3,16.6,59,23.87,23.87,38.0,17.04,17.04,64.0
48,03 Aug 2019 18:10,36.9,24.8,23.9,22.9,22.0,33,False,15.5,14.8,71,23.73,23.73,36.0,15.03,15.03,77.0
49,03 Aug 2019 20:10,36.9,23.8,22.8,21.1,21.1,37,False,14.2,14.2,81,21.39,21.39,41.0,13.91,13.91,84.0
50,03 Aug 2019 22:10,38.2,22.2,20.0,18.4,18.4,42,False,13.4,13.5,83,18.79,18.79,49.0,13.35,13.35,87.0
51,04 Aug 2019 00:10,46.8,19.4,18.9,17.2,17.2,52,False,13.6,13.8,87,16.74,16.74,61.0,13.86,13.86,82.0
52,04 Aug 2019 02:10,55.5,18.2,13.9,13.6,13.6,71,False,16.7,18.3,73,14.36,14.36,70.0,16.76,16.76,67.0
53,04 Aug 2019 04:10,62.8,16.6,12.2,12.8,12.8,81,False,19.2,18.8,62,13.11,13.11,77.0,19.17,19.17,59.0
54,04 Aug 2019 06:10,68.2,16.2,13.9,14.1,13.0,82,False,21.3,23.6,55,13.77,13.77,79.0,20.67,20.67,56.00000000000001
55,04 Aug 2019 08:10,77.4,16.0,15.0,15.7,13.6,87,False,22.0,23.3,47,15.53,15.53,82.0,22.6,22.6,44.0
56,04 Aug 2019 10:10,74.8,18.8,21.1,22.3,19.7,52,False,22.7,21.1,48,20.58,20.58,59.0,23.6,23.6,41.0
57,04 Aug 2019 12:10,43.5,26.1,22.8,23.2,21.0,43,False,21.8,21.3,48,23.55,23.55,45.0,22.65,22.65,44.0
58,04 Aug 2019 14:10,39.9,26.1,25.0,25.0,22.7,35,False,19.5,18.5,55,24.51,24.51,36.0,20.34,20.34,49.0
59,04 Aug 2019 16:10,36.5,26.4,25.0,24.1,22.7,27,False,17.5,17.4,60,24.65,24.65,33.0,17.15,17.15,57.99999999999999
60,04 Aug 2019 18:10,31.9,25.9,23.9,22.3,21.7,31,False,15.1,14.9,73,24.83,24.83,28.999999999999996,14.8,14.8,68.0
61,04 Aug 2019 20:10,34.6,24.3,20.0,18.4,18.4,59,False,14.1,14.1,80,21.34,21.34,43.0,14.48,14.48,79.0
62,04 Aug 2019 22:10,51.6,21.6,17.2,17.0,17.0,72,False,13.3,13.5,91,17.43,17.43,73.0,13.19,13.19,82.0
63,05 Aug 2019 00:10,66.1,18.9,15.0,14.7,14.7,82,False,13.7,14.8,90,15.26,15.26,82.0,13.65,13.65,80.0
64,05 Aug 2019 02:10,72.3,17.6,13.9,13.6,13.6,87,False,17.0,19.9,70,14.52,14.52,81.0,16.8,16.8,70.0
65,05 Aug 2019 04:10,77.8,16.8,,,,,,,,,14.34,14.34,82.0,20.2,20.2,61.0
66,05 Aug 2019 06:10,78.8,16.8,13.9,15.3,15.3,87,False,22.8,27.3,50,14.86,14.86,82.0,22.05,22.05,56.00000000000001
67,05 Aug 2019 08:10,76.4,17.1,17.8,20.1,17.5,55,False,23.8,27.2,45,18.55,18.55,57.99999999999999,23.41,23.41,51.0
68,05 Aug 2019 10:10,37.2,26.8,18.9,20.1,17.9,52,False,23.7,25.1,45,20.72,20.72,51.0,24.18,24.18,47.0
69,05 Aug 2019 12:10,,,20.0,21.9,19.0,55,False,23.0,23.3,48,21.23,21.23,52.0,23.81,23.81,48.0
70,05 Aug 2019 14:10,,,22.8,26.7,21.7,46,False,21.3,20.6,56,23.86,23.86,45.0,21.46,21.46,56.00000000000001
71,05 Aug 2019 16:10,38.1,25.7,25.0,24.6,23.5,38,False,18.6,17.5,69,24.07,24.07,44.0,18.3,18.3,66.0
72,05 Aug 2019 18:10,38.3,25.6,25.0,24.8,23.4,41,False,16.3,16.3,81,23.75,23.75,44.0,16.41,16.41,74.0
73,05 Aug 2019 20:10,43.7,24.0,21.1,20.3,20.3,52,False,16.0,16.1,80,22.39,22.39,48.0,15.93,15.93,75.0
74,05 Aug 2019 22:10,50.1,21.7,17.2,17.6,17.6,67,False,14.6,14.3,89,16.59,16.59,73.0,15.58,15.58,78.0
75,06 Aug 2019 00:10,61.8,19.5,17.8,17.9,17.9,67,False,16.7,16.6,80,16.37,16.37,76.0,16.52,16.52,75.0
76,06 Aug 2019 02:10,63.2,19.5,17.8,18.2,18.2,72,False,19.6,19.8,71,17.12,17.12,76.0,19.98,19.98,62.0
77,06 Aug 2019 04:10,64.8,19.9,17.2,17.0,17.0,82,False,23.1,24.4,57,17.22,17.22,80.0,22.95,22.95,55.00000000000001
78,06 Aug 2019 06:10,71.7,19.6,16.1,17.0,17.0,87,False,24.9,26.3,53,17.8,17.8,78.0,24.67,24.67,51.0
79,06 Aug 2019 08:10,66.3,22.3,17.8,19.2,19.2,77,False,27.0,28.1,44,19.97,19.97,70.0,27.23,27.23,42.0
80,06 Aug 2019 10:10,66.3,22.2,23.9,27.2,22.7,53,False,27.6,25.6,46,24.78,24.78,54.0,28.23,28.23,40.0
81,06 Aug 2019 12:10,45.0,28.3,27.2,30.1,25.8,41,False,26.2,26.0,48,27.32,27.32,43.0,27.92,27.92,42.0
82,06 Aug 2019 14:10,38.3,28.9,27.8,30.2,26.4,36,False,24.4,23.3,53,28.89,28.89,37.0,25.08,25.08,50.0
83,06 Aug 2019 16:10,36.3,29.2,28.9,29.9,27.3,36,False,21.6,20.4,68,29.28,29.28,34.0,21.65,21.65,65.0
84,06 Aug 2019 18:10,35.6,28.5,28.9,29.4,27.7,34,False,19.7,18.6,76,28.33,28.33,35.0,19.69,19.71,76.0
85,06 Aug 2019 20:10,36.7,27.5,27.2,26.5,26.5,38,False,19.2,18.0,79,26.53,26.53,41.0,18.9,19.01,83.0
86,06 Aug 2019 22:10,50.3,24.2,22.8,21.9,21.9,52,False,19.0,18.0,81,22.17,22.17,57.99999999999999,18.41,18.58,87.0
87,07 Aug 2019 00:10,50.1,24.0,22.2,20.7,20.7,64,False,18.8,18.1,87,22.07,22.07,61.0,18.45,18.66,89.0
88,07 Aug 2019 02:10,58.7,22.8,18.9,17.7,17.7,72,False,20.6,20.5,80,19.4,19.4,73.0,20,20.2,82.0
89,07 Aug 2019 04:10,63.3,21.6,20.0,19.1,19.1,72,True,22.5,22.4,74,20.1,20.1,70.0,22.8,22.89,67.0
90,07 Aug 2019 06:10,82.8,20.9,18.9,18.7,18.7,77,False,24.4,25.1,68,18.72,18.78,82.0,25.17,25.21,56.00000000000001
91,07 Aug 2019 08:10,82.6,20.9,20.0,21.1,19.1,77,False,26.5,28.0,52,21.47,21.53,71.0,26.75,27.2,50.0
92,07 Aug 2019 10:10,64.9,24.2,22.8,24.3,22.4,68,False,25.8,25.6,50,24.2,24.37,65.0,26.93,27.27,49.0
93,07 Aug 2019 12:10,57.1,26.6,25.0,25.5,23.8,57,False,22.8,22.5,69,24.58,24.65,60.0,26.62,26.64,50.0
94,07 Aug 2019 14:10,53.9,27.1,26.1,26.4,25.2,53,False,21.9,20.3,80,25.37,25.42,56.00000000000001,23.67,23.75,63.0
95,07 Aug 2019 16:10,55.7,26.4,27.2,28.2,26.3,47,False,21.2,21.2,82,26.12,26.12,51.0,21.05,21.18,75.0
96,07 Aug 2019 18:10,51.8,26.9,26.1,25.6,25.6,57,False,20.1,18.0,84,25.5,25.54,55.00000000000001,19.57,19.74,83.0
97,07 Aug 2019 20:10,55.1,26.1,23.9,23.8,23.8,64,False,19.5,19.1,89,23.84,23.85,60.0,18.89,19.13,88.0
98,07 Aug 2019 22:10,59.2,24.9,22.2,21.3,21.3,68,False,18.2,15.9,96,22.1,22.27,73.0,18.82,19.17,92.0
99,08 Aug 2019 00:10,66.2,23.6,21.1,20.8,20.8,77,True,18.6,17.6,93,21.03,21.15,75.0,18.02,18.35,95.0
100,08 Aug 2019 02:10,86.3,21.7,18.9,17.5,17.5,93,True,19.1,16.4,87,18.44,18.9,98.0,17.84,18.03,90.0
101,08 Aug 2019 04:10,90.3,21.1,18.9,17.5,17.5,93,False,21.7,21.6,69,18.77,19.21,96.0,20.26,20.26,70.0
102,08 Aug 2019 06:10,92.2,20.5,17.8,16.3,16.3,93,False,23.5,24.0,56,18.26,18.67,97.0,22,22,59.0
103,08 Aug 2019 08:10,91.9,19.9,18.9,18.4,18.4,88,False,25.4,25.8,43,18.43,18.68,90.0,24.16,24.16,49.0
104,08 Aug 2019 10:10,87.6,21.4,21.1,21.1,19.1,72,False,25.2,25.0,43,21.77,21.83,70.0,24.66,24.66,46.0
105,08 Aug 2019 12:10,63.7,24.4,22.8,22.5,20.9,64,False,23.5,22.6,48,23.01,23.01,56.99999999999999,24.51,24.51,46.0
106,08 Aug 2019 14:10,54.1,26.1,25.0,25.0,22.9,43,False,21.7,20.5,56,24.59,24.59,49.0,22.42,22.42,55.00000000000001
107,08 Aug 2019 16:10,47.6,26.4,26.1,25.4,24.0,38,False,19.3,18.0,64,25.53,25.53,42.0,19.58,19.58,66.0
108,08 Aug 2019 18:10,41.0,26.3,23.9,22.5,22.5,43,False,18.0,17.6,70,25.16,25.16,39.0,17.83,17.83,72.0
109,08 Aug 2019 20:10,43.7,24.7,22.2,21.0,21.0,52,False,17.0,16.4,75,22.48,22.48,49.0,16.95,16.95,76.0
110,08 Aug 2019 22:10,50.8,22.9,18.9,17.7,17.7,67,False,15.8,14.7,81,18.36,18.36,70.0,15.71,15.71,82.0
111,09 Aug 2019 00:10,63.3,20.8,17.2,17.0,17.0,77,False,16.2,15.4,80,16.11,16.11,81.0,15.62,15.62,83.0
112,09 Aug 2019 02:10,69.1,19.9,17.8,15.8,15.8,72,False,19.6,19.5,67,16.41,16.41,78.0,18.66,18.66,70.0
113,09 Aug 2019 04:10,78.7,18.6,15.0,15.2,15.2,87,False,22.6,23.4,54,14.49,14.49,94.0,21.26,21.26,59.0
114,09 Aug 2019 06:10,84.4,17.7,13.9,13.3,13.3,93,False,24.1,25.2,47,13.77,13.77,97.0,22.92,22.92,51.0
115,09 Aug 2019 08:10,86.6,16.8,17.8,20.1,18.0,82,False,25.1,25.8,41,18.44,18.44,75.0,24.2,24.2,45.0
116,09 Aug 2019 10:10,67.3,23.4,22.2,22.9,20.6,60,False,25.6,25.5,38,22.21,22.21,59.0,25.13,25.13,42.0
117,09 Aug 2019 12:10,44.8,28.2,25.0,26.3,23.3,43,False,24.4,23.7,42,25.06,25.06,45.0,24.98,24.98,42.0
118,09 Aug 2019 14:10,38.5,28.4,27.2,27.8,25.3,18,False,21.7,20.5,49,26.4,26.4,37.0,22.5,22.5,48.0
119,09 Aug 2019 16:10,38.1,28.1,27.2,26.5,25.2,31,False,18.8,17.6,61,27.01,27.01,34.0,19.43,19.43,56.00000000000001
120,09 Aug 2019 18:10,36.7,26.7,26.1,25.3,24.2,36,False,16.8,16.7,73,25.44,25.44,39.0,17.46,17.46,65.0
121,09 Aug 2019 20:10,38.4,25.4,22.8,21.6,21.6,43,False,16.0,16.1,77,22.82,22.82,44.0,15.93,15.93,75.0
122,09 Aug 2019 22:10,45.9,23.3,22.2,21.4,21.4,46,False,14.8,14.7,82,20.43,20.43,53.0,14.82,14.82,79.0
123,10 Aug 2019 00:10,56.6,21.0,20.0,18.5,18.5,55,False,14.3,14.4,88,18.7,18.7,61.0,15.64,15.64,76.0
124,10 Aug 2019 02:10,58.3,20.3,16.1,16.6,16.6,72,False,18.5,18.3,69,17.05,17.05,68.0,18.61,18.61,66.0
125,10 Aug 2019 04:10,62.1,19.4,13.9,14.1,14.1,82,False,20.9,21.5,61,15.07,15.07,76.0,21.1,21.1,57.99999999999999
126,10 Aug 2019 06:10,63.9,18.6,13.9,14.2,14.2,82,False,22.0,22.5,59,15.15,15.15,78.0,22.93,22.93,54.0
127,10 Aug 2019 08:10,68.6,17.7,17.8,16.7,16.7,67,False,24.3,24.8,53,18.63,18.63,66.0,25.01,25.01,51.0
128,10 Aug 2019 10:10,62.1,19.7,20.0,19.0,18.1,59,False,25.9,23.9,53,21.5,21.5,56.00000000000001,27.58,27.87,48.0
129,10 Aug 2019 12:10,56.3,21.5,22.2,21.9,20.5,56,False,25.8,25.2,58,22.38,22.38,56.99999999999999,28.38,28.95,51.0
130,10 Aug 2019 14:10,56.0,22.4,23.9,23.1,21.9,53,False,24.0,22.8,62,24.22,24.22,52.0,25.14,25.41,65.0
131,10 Aug 2019 16:10,50.0,23.9,26.1,24.4,24.4,47,False,22.3,21.1,71,26.02,26.02,51.0,22.58,22.83,74.0
132,10 Aug 2019 18:10,47.6,25.2,26.1,24.9,24.9,50,False,21.0,19.7,77,25.33,25.33,53.0,20.75,20.95,79.0
133,10 Aug 2019 20:10,51.3,25.0,23.9,23.0,23.0,60,True,19.5,18.2,81,23.66,23.74,64.0,20.09,20.09,71.0
134,10 Aug 2019 22:10,58.7,24.2,23.9,23.2,23.2,68,True,18.4,17.0,82,23.22,23.35,67.0,18.35,18.35,80.0
135,11 Aug 2019 00:10,69.1,23.9,22.8,21.6,21.6,68,False,18.3,17.7,82,22.3,22.32,66.0,17.98,17.98,82.0
136,11 Aug 2019 02:10,73.3,22.7,21.1,20.2,20.2,77,False,20.9,21.0,71,21.03,21.12,74.0,20.44,20.44,72.0
137,11 Aug 2019 04:10,77.3,21.6,18.9,18.0,18.0,82,False,24.1,26.0,58,19.34,19.46,82.0,23.38,23.38,62.0
138,11 Aug 2019 06:10,3315.9,10.1,17.8,18.2,18.2,82,False,26.3,28.6,46,18.23,18.25,82.0,25.36,25.36,52.0
139,11 Aug 2019 08:10,80.4,19.6,20.0,19.9,18.5,72,False,27.6,27.9,38,21.52,21.52,65.0,26.66,26.66,45.0
140,11 Aug 2019 10:10,61.7,24.5,23.9,25.6,22.3,56,False,27.8,28.6,36,24.79,24.85,57.99999999999999,26.9,26.9,42.0
141,11 Aug 2019 12:10,43.4,29.9,27.8,29.6,26.1,41,False,26.4,26.7,40,26.97,27.16,46.0,26.65,26.65,42.0
142,11 Aug 2019 14:10,39.5,29.7,27.8,28.9,26.0,36,False,23.9,23.3,49,28.61,28.61,35.0,23.86,23.86,49.0
143,11 Aug 2019 16:10,35.1,29.4,28.9,29.5,27.3,30,False,21.0,19.9,57,27.47,27.47,34.0,21.34,21.34,55.00000000000001
144,11 Aug 2019 18:10,32.5,28.9,28.9,28.7,27.4,30,False,19.2,17.8,65,25.68,25.68,37.0,19.45,19.45,61.0
145,11 Aug 2019 20:10,34.0,27.4,26.1,25.3,25.3,36,False,17.8,17.5,72,26.24,26.24,31.0,18.2,18.2,60.0
146,11 Aug 2019 22:10,42.0,24.9,20.0,19.2,19.2,59,False,16.5,16.1,78,18.25,18.25,65.0,16.8,16.8,66.0
147,12 Aug 2019 00:10,49.7,22.5,20.0,19.0,19.0,55,False,17.7,17.6,72,18.74,18.74,60.0,17.75,17.75,67.0
148,12 Aug 2019 02:10,50.5,21.9,16.1,16.2,16.2,77,False,20.9,20.8,65,16.7,16.7,76.0,20.85,20.85,60.0
149,12 Aug 2019 04:10,53.5,21.0,15.0,14.7,14.7,82,False,24.6,25.3,52,16.53,16.53,74.0,24.84,24.84,49.0
150,12 Aug 2019 06:10,57.7,20.0,13.9,14.3,14.3,87,False,26.3,26.9,50,15.84,15.84,82.0,27.76,27.76,43.0
151,12 Aug 2019 08:10,65.6,19.2,22.2,21.6,21.6,60,False,23.8,23.2,77,20.72,20.72,67.0,29.05,29.05,43.0
152,12 Aug 2019 10:10,53.9,22.9,25.0,26.2,23.3,53,False,27.6,28.2,55,26.06,26.06,48.0,29.61,29.61,42.0
153,12 Aug 2019 12:10,43.2,28.5,27.8,29.2,26.4,50,False,26.6,26.4,57,28.15,28.16,45.0,29.12,29.12,42.0
154,12 Aug 2019 14:10,48.4,27.4,28.9,30.7,28.3,47,False,24.0,22.6,73,29.31,29.88,49.0,26.29,26.35,53.0
155,12 Aug 2019 16:10,48.4,28.8,31.1,31.7,30.4,42,False,22.5,20.8,77,30.99,30.99,40.0,22.76,22.95,71.0
156,12 Aug 2019 18:10,46.5,28.1,29.8,28.9,28.9,44,False,20.7,18.6,81,28.69,28.77,45.0,20.25,20.58,86.0
157,12 Aug 2019 20:10,45.4,27.3,26.1,24.7,24.7,53,False,19.4,18.6,88,23.92,24.01,63.0,18.7,19.13,96.0
158,12 Aug 2019 22:10,56.8,25.7,23.9,23.0,23.0,64,False,18.5,15.0,92,22.08,22.28,74.0,18.3,18.74,98.0
159,13 Aug 2019 00:10,63.3,24.2,20.0,18.6,18.6,88,False,18.1,15.5,93,20.73,21.05,84.0,17.45,17.85,99.0
160,13 Aug 2019 02:10,85.2,22.3,20.0,19.9,19.9,88,False,17.9,17.3,93,19.46,19.86,92.0,16.63,16.95,100
161,13 Aug 2019 04:10,81.5,21.3,17.8,18.6,18.6,93,True,19.8,19.5,79,18.39,18.61,89.0,16.93,17.21,97.0
162,13 Aug 2019 06:10,82.9,20.6,17.2,15.5,15.5,93,True,20.4,22.4,70,17.08,17.2,90.0,19.9,19.9,75.0
163,13 Aug 2019 08:10,89.0,19.3,17.8,18.2,18.2,87,False,22.9,24.5,54,16.84,17.01,93.0,23.59,23.59,53.0
164,13 Aug 2019 10:10,87.7,19.9,18.9,18.4,18.4,82,False,24.6,24.1,48,19.81,19.85,77.0,24.25,24.25,49.0
165,13 Aug 2019 12:10,72.8,21.9,22.8,23.7,21.0,60,False,23.4,23.2,53,23.28,23.28,60.0,24.03,24.03,48.0
166,13 Aug 2019 14:10,58.1,24.9,25.0,26.0,23.2,46,False,21.2,20.0,60,25.49,25.49,44.0,21.89,21.89,54.0
167,13 Aug 2019 16:10,43.7,26.4,25.0,24.4,23.4,43,False,19.3,18.1,64,25.38,25.38,39.0,19.02,19.02,66.0
168,13 Aug 2019 18:10,42.6,26.2,25.0,24.3,24.3,38,False,17.4,17.5,72,25.48,25.48,39.0,16.98,16.98,73.0
169,13 Aug 2019 20:10,40.5,25.0,22.8,21.8,21.8,46,False,16.3,16.6,75,22.61,22.61,48.0,15.12,15.12,79.0
170,13 Aug 2019 22:10,47.9,22.9,18.9,17.7,17.7,63,False,13.6,14.1,86,18.35,18.35,64.0,15.08,15.08,78.0
171,14 Aug 2019 00:10,58.4,20.7,17.2,17.0,17.0,72,False,15.7,15.6,74,17.36,17.36,70.0,15.32,15.32,77.0
172,14 Aug 2019 02:10,67.3,19.4,15.0,15.9,15.9,82,False,16.6,16.5,69,14.66,14.66,82.0,16.56,16.56,76.0
173,14 Aug 2019 04:10,70.0,18.8,16.1,15.8,15.8,77,False,17.9,19.0,62,15.73,15.73,76.0,18.6,18.6,66.0
174,14 Aug 2019 06:10,66.2,18.5,16.1,15.7,15.7,72,False,19.1,20.7,55,15.76,15.76,74.0,20.25,20.25,51.0
175,14 Aug 2019 08:10,65.9,18.2,15.0,14.4,14.4,82,True,19.8,21.4,46,17.18,17.18,67.0,20.46,20.46,47.0
176,14 Aug 2019 10:10,75.1,17.7,16.1,14.7,13.5,82,True,21.2,21.3,42,16.28,16.28,78.0,21.22,21.22,42.0
177,14 Aug 2019 12:10,77.7,18.4,17.2,17.5,16.2,77,False,20.0,19.3,45,17.82,17.82,64.0,21.18,21.18,41.0
178,14 Aug 2019 14:10,69.0,18.8,16.1,16.6,14.7,77,True,17.6,16.9,52,17.95,17.95,59.0,19.01,19.01,48.0
179,14 Aug 2019 16:10,64.5,19.4,20.0,19.6,18.5,52,False,15.4,15.3,64,20.11,20.11,49.0,15.98,15.98,62.0
180,14 Aug 2019 18:10,52.1,21.7,21.1,19.9,19.9,40,False,13.6,13.0,74,20.71,20.71,43.0,13.86,13.86,72.0
181,14 Aug 2019 20:10,47.5,20.7,18.9,17.9,17.9,48,False,12.4,12.6,78,19.46,19.46,47.0,12.63,12.63,77.0
182,14 Aug 2019 22:10,54.4,19.0,12.8,13.4,13.4,76,False,10.5,10.8,86,14.27,14.27,70.0,10.76,10.76,85.0
183,15 Aug 2019 00:10,65.5,17.1,12.8,13.8,13.8,81,False,10.5,11.4,88,12.81,12.81,81.0,10.55,10.55,87.0
184,15 Aug 2019 02:10,71.0,16.5,12.2,12.8,12.8,81,False,14.7,17.4,72,10.94,10.94,88.0,14.28,14.28,73.0
185,15 Aug 2019 04:10,70.1,15.3,10.0,11.3,11.3,93,False,19.8,22.8,46,10.34,10.34,85.0,18.4,18.4,52.0
186,15 Aug 2019 06:10,73.2,14.0,10.0,10.7,10.7,87,False,21.9,26.1,37,10.2,10.2,89.0,21.3,21.3,42.0
187,15 Aug 2019 08:10,76.0,13.3,15.0,19.2,16.3,67,False,22.7,24.8,31,14.47,14.47,70.0,22.9,22.9,34.0
188,15 Aug 2019 10:10,60.8,18.4,20.0,23.1,19.2,48,False,23.9,25.4,30,21.19,21.19,46.0,23.42,23.42,32.0
189,15 Aug 2019 12:10,33.3,28.5,22.8,26.4,21.6,26,False,22.3,22.7,35,23.35,23.35,28.000000000000004,22.98,22.98,33.0
190,15 Aug 2019 14:10,28.0,27.2,22.8,25.1,21.6,28,False,19.7,18.8,43,23.74,23.74,26.0,20.01,20.01,41.0
191,15 Aug 2019 16:10,27.6,26.2,23.9,25.2,22.4,27,False,16.6,16.0,54,23.83,23.83,27.0,16.95,16.95,52.0
192,15 Aug 2019 18:10,29.8,23.8,22.2,22.0,20.6,32,False,14.9,14.0,64,22.53,22.53,30.0,15.37,15.37,62.0
193,15 Aug 2019 20:10,36.0,21.6,21.1,19.9,19.9,34,False,13.0,12.3,73,20.55,20.55,33.0,14.09,14.09,69.0
194,15 Aug 2019 22:10,35.9,21.4,16.1,15.8,15.8,51,False,11.8,11.7,80,16.95,16.95,54.0,13.21,13.21,74.0
195,16 Aug 2019 00:10,41.3,19.7,13.9,14.1,14.1,67,False,12.4,12.0,79,15.93,15.93,56.99999999999999,13.64,13.64,75.0
196,16 Aug 2019 02:10,47.0,18.0,13.9,14.4,14.4,67,False,16.3,16.7,67,14.16,14.16,66.0,16.78,16.78,66.0
197,16 Aug 2019 04:10,79.2,16.9,12.2,12.4,12.4,81,False,20.5,21.1,50,11.84,11.84,74.0,20.65,20.65,50.0
198,16 Aug 2019 06:10,64.8,15.7,11.1,11.4,11.4,87,False,22.4,22.6,42,11.61,11.61,81.0,22.95,22.95,44.0
199,16 Aug 2019 08:10,67.7,15.3,15.0,15.7,14.2,71,False,24.2,24.4,36,14.79,14.79,74.0,23.84,23.84,43.0
200,16 Aug 2019 10:10,55.7,19.6,22.2,23.6,20.5,46,False,24.0,23.6,38,22.18,22.18,46.0,23.61,23.61,43.0
201,16 Aug 2019 12:10,41.8,27.0,23.9,25.5,22.2,35,False,22.8,22.1,46,23.84,23.84,37.0,23.38,23.38,42.0
202,16 Aug 2019 14:10,31.6,27.5,25.0,24.4,23.3,33,False,20.3,17.5,57,25.97,25.97,30.0,20.9,20.9,49.0
203,16 Aug 2019 16:10,37.4,25.3,23.9,23.6,23.6,38,False,18.5,17.3,64,23.93,23.93,37.0,18.78,18.78,60.0
204,16 Aug 2019 18:10,35.9,24.6,22.8,21.8,21.8,43,False,17.4,17.4,71,22.9,22.9,43.0,17.2,17.2,70.0
205,16 Aug 2019 20:10,39.6,23.8,22.2,21.3,21.3,49,False,15.4,15.5,82,20.18,20.18,57.99999999999999,15.72,15.72,84.0
206,16 Aug 2019 22:10,47.4,22.3,18.9,17.9,17.9,67,False,14.1,14.3,91,17.69,17.69,71.0,14.49,14.49,87.0
207,17 Aug 2019 00:10,55.4,21.1,17.2,16.6,16.6,77,False,14.2,14.6,89,17.3,17.3,78.0,14.09,14.09,93.0
208,17 Aug 2019 02:10,66.7,19.9,16.1,16.2,16.2,82,False,18.4,19.4,75,16.35,16.35,81.0,17.22,17.22,85.0
209,17 Aug 2019 04:10,73.3,18.5,13.9,14.1,14.1,93,False,21.9,24.7,58,13.18,13.18,94.0,21.16,21.16,65.0
210,17 Aug 2019 06:10,77.8,17.4,12.8,13.4,13.4,93,False,24.3,27.2,50,13.12,13.12,97.0,23.21,23.21,56.99999999999999
211,17 Aug 2019 08:10,79.7,16.8,17.8,20.2,17.5,77,False,25.2,27.7,44,16.66,16.66,81.0,25.23,25.23,46.0
212,17 Aug 2019 10:10,63.9,21.6,22.2,25.1,21.4,56,False,26.2,26.8,40,23.47,23.47,52.0,25.44,25.44,43.0
213,17 Aug 2019 12:10,37.9,30.0,23.9,25.7,22.6,49,False,24.6,23.9,44,25.25,25.25,45.0,24.97,24.97,42.0
214,17 Aug 2019 14:10,38.6,27.4,23.9,26.6,22.7,46,False,22.3,21.1,51,25.08,25.08,42.0,22.17,22.17,50.0
215,17 Aug 2019 16:10,37.0,27.3,23.9,24.6,22.9,46,False,20.0,18.7,61,24.91,24.91,41.0,19.76,19.76,62.0
216,17 Aug 2019 18:10,39.6,25.9,25.0,24.1,24.1,43,False,18.6,17.2,69,24.55,24.55,44.0,18.33,18.33,70.0
217,17 Aug 2019 20:10,42.3,25.1,22.2,21.2,21.2,56,False,17.4,17.2,74,21.56,21.56,59.0,17.56,17.56,76.0
218,17 Aug 2019 22:10,48.6,23.8,21.1,19.9,19.9,59,False,16.3,16.1,79,20.33,20.33,63.0,16.3,16.3,80.0
219,18 Aug 2019 00:10,55.3,22.7,20.0,18.8,18.8,68,False,16.0,15.6,78,19.25,19.25,70.0,16.11,16.11,82.0
220,18 Aug 2019 02:10,60.6,21.3,17.8,17.9,17.9,77,False,19.5,19.3,65,17.84,17.84,78.0,19.34,19.34,61.0
221,18 Aug 2019 04:10,65.7,20.2,13.9,14.4,14.4,93,False,23.7,24.4,52,15.14,15.14,84.0,23.35,23.35,47.0
222,18 Aug 2019 06:10,70.9,19.0,15.0,15.3,15.3,87,False,26.8,27.4,40,15.13,15.13,86.0,25.92,25.92,42.0
223,18 Aug 2019 08:10,75.4,17.9,17.8,20.1,18.2,72,False,28.8,28.6,32,19.61,19.61,68.0,27.29,27.29,37.0
224,18 Aug 2019 10:10,45.5,28.1,25.0,25.9,23.4,50,False,26.9,26.5,40,25.28,25.28,44.0,26.65,26.65,39.0
225,18 Aug 2019 12:10,34.5,30.5,27.2,27.7,25.2,41,False,26.2,25.2,43,27.25,27.25,37.0,26.16,26.16,41.0
226,18 Aug 2019 14:10,35.2,29.9,27.8,28.8,26.1,36,False,24.2,22.8,51,28.59,28.59,34.0,24.72,24.72,50.0
227,18 Aug 2019 16:10,34.6,29.2,28.9,28.2,27.1,32,False,22.1,20.5,62,28.99,28.99,32.0,23.09,23.09,60.0
228,18 Aug 2019 18:10,35.9,27.9,27.8,26.1,26.1,41,False,21.0,19.4,70,27.65,27.65,40.0,21.61,21.64,69.0
229,18 Aug 2019 20:10,40.2,27.4,27.2,25.7,25.7,44,False,19.9,18.5,74,26.2,26.2,49.0,20.72,20.8,75.0
230,18 Aug 2019 22:10,43.5,26.0,22.2,20.8,20.8,60,False,19.3,18.1,79,22.26,22.26,62.0,19.63,19.72,79.0
231,19 Aug 2019 00:10,51.6,24.4,20.0,18.5,18.5,72,False,19.5,18.4,78,21.12,21.12,69.0,19.67,19.84,82.0
232,19 Aug 2019 02:10,58.8,23.3,20.0,18.6,18.6,77,False,23.0,23.3,68,20.84,20.89,73.0,21.6,21.87,79.0
233,19 Aug 2019 04:10,63.6,23.1,18.9,18.0,18.0,82,False,25.7,26.1,62,19.54,19.65,80.0,25.08,25.37,66.0
234,19 Aug 2019 06:10,69.3,22.2,20.0,19.2,19.2,77,False,28.3,30.2,54,20.79,20.94,77.0,28.11,28.94,54.0
235,19 Aug 2019 08:10,67.5,22.7,22.8,24.6,22.1,64,False,30.5,31.9,42,22.97,23.12,69.0,29.32,29.65,47.0
236,19 Aug 2019 10:10,55.2,26.3,26.1,27.4,24.9,53,False,24.6,26.2,89,26.49,26.58,53.0,27.31,27.8,51.0
237,19 Aug 2019 12:10,41.6,31.7,27.2,29.4,26.3,53,False,23.0,21.8,91,27.68,27.98,49.0,24.94,25,57.99999999999999
238,19 Aug 2019 14:10,40.0,32.2,28.9,31.0,27.8,47,False,21.0,21.3,93,28.38,28.84,49.0,20.92,21.04,76.0
239,19 Aug 2019 16:10,40.2,31.4,28.9,29.0,27.2,44,False,20.5,19.9,84,27.84,28.32,51.0,19.16,19.31,83.0
240,19 Aug 2019 18:10,44.4,29.5,27.8,27.1,26.1,47,False,19.2,18.8,90,26.14,26.23,54.0,18.42,18.52,84.0
241,19 Aug 2019 20:10,52.8,26.5,23.9,21.9,21.9,60,True,18.0,18.2,94,23.28,23.34,64.0,18.59,18.7,84.0
242,19 Aug 2019 22:10,82.6,22.7,20.0,19.3,19.3,88,True,17.3,17.7,96,18.87,19.22,92.0,18.13,18.2,84.0
243,20 Aug 2019 00:10,89.2,22.1,20.0,18.6,18.6,88,False,17.5,17.7,92,18.74,19.03,91.0,18.17,18.23,84.0
244,20 Aug 2019 04:10,89.8,20.9,17.2,17.2,17.2,93,False,22.5,23.2,63,17.71,17.97,93.0,22.66,22.66,59.0
245,20 Aug 2019 06:10,89.3,19.8,16.1,16.2,16.2,100,False,24.4,26.2,51,16.93,17.07,91.0,24.28,24.28,50.0
246,20 Aug 2019 08:10,90.4,19.2,17.8,19.1,17.8,87,False,25.6,27.2,43,18.57,18.68,84.0,26.19,26.19,40.0
247,20 Aug 2019 10:10,82.5,21.9,22.8,26.4,21.9,56,False,27.0,27.1,38,22.91,22.91,62.0,26.7,26.7,37.0
248,20 Aug 2019 14:10,39.8,27.6,25.6,26.7,24.8,38,True,19.5,15.6,79,27.83,27.83,30.0,23.95,23.95,44.0
249,20 Aug 2019 16:10,38.9,27.9,27.8,27.5,26.3,34,False,20.7,19.2,68,26.97,26.97,32.0,22.03,22.03,54.0
250,20 Aug 2019 18:10,36.7,27.4,26.1,25.2,25.2,38,False,19.0,15.1,85,26.65,26.65,33.0,19.92,19.92,71.0
251,20 Aug 2019 20:10,38.5,26.4,25.0,23.7,23.7,41,False,18.3,15.6,89,23.33,23.33,41.0,19.08,19.08,75.0
252,20 Aug 2019 22:10,42.2,25.0,23.9,22.4,22.4,40,False,18.2,17.2,86,22.78,22.78,46.0,17.97,18.01,84.0
253,21 Aug 2019 00:10,43.7,24.1,21.1,18.3,18.3,59,True,17.1,15.4,92,21.04,21.04,57.99999999999999,17.01,17.18,92.0
254,21 Aug 2019 02:10,69.6,21.3,17.8,15.8,15.8,77,True,17.7,16.3,87,18.48,18.48,77.0,16.49,16.61,93.0
255,21 Aug 2019 04:10,72.4,20.3,17.2,13.3,13.3,93,True,18.2,17.7,76,15.71,15.95,100,16.7,16.7,86.0
256,21 Aug 2019 06:10,87.5,19.0,17.2,15.7,15.7,93,False,19.2,19.7,66,14.95,15.11,100,16.73,16.73,82.0
257,21 Aug 2019 08:10,89.1,18.7,16.1,13.1,12.4,87,False,19.6,17.8,66,15.78,15.82,92.0,16.37,16.37,80.0
258,21 Aug 2019 10:10,89.1,18.3,16.1,13.8,13.8,100,False,20.6,19.6,56,16.17,16.21,91.0,19.65,19.65,64.0
259,21 Aug 2019 12:10,90.4,17.8,16.1,13.3,12.6,77,False,19.4,18.3,67,15.96,15.96,86.0,20.34,20.34,60.0
260,21 Aug 2019 14:10,70.1,21.4,17.2,15.3,14.5,77,False,17.7,17.7,71,18.7,18.7,64.0,17.72,17.72,70.0
261,21 Aug 2019 16:10,62.6,22.7,21.1,19.6,19.0,56,False,16.1,16.4,78,21.76,21.76,55.00000000000001,14.93,14.93,81.0
262,21 Aug 2019 18:10,56.2,23.0,21.1,20.2,20.2,56,False,14.5,14.9,89,20.51,20.51,55.00000000000001,13.77,13.77,86.0
263,21 Aug 2019 20:10,57.2,22.0,20.0,19.2,19.2,55,False,13.5,14.0,91,19.4,19.4,62.0,13.99,13.99,86.0
264,21 Aug 2019 22:10,71.1,20.7,18.9,16.3,16.3,67,False,12.8,13.4,95,17.32,17.32,77.0,13.14,13.14,87.0
265,22 Aug 2019 00:10,73.6,19.8,16.1,16.2,16.2,82,False,12.4,12.7,95,15.87,15.87,83.0,12.76,12.76,90.0
266,22 Aug 2019 02:10,80.5,17.9,15.0,15.2,15.2,87,False,15.8,17.9,82,14.39,14.39,90.0,15.3,15.3,80.0
267,22 Aug 2019 04:10,83.2,17.0,13.9,14.1,14.1,93,False,19.3,21.6,63,13.07,13.07,97.0,19.1,19.1,61.0
268,22 Aug 2019 06:10,86.2,16.4,12.2,13.9,13.9,100,False,21.6,25.1,49,13.04,13.04,94.0,21.44,21.44,50.0
269,22 Aug 2019 08:10,86.3,15.8,17.2,19.0,17.6,77,False,22.8,26.0,42,15.39,15.39,88.0,22.99,22.99,44.0
270,22 Aug 2019 10:10,64.0,22.0,20.0,21.7,18.7,52,False,23.8,24.9,40,21.04,21.04,53.0,23.85,23.85,41.0
271,22 Aug 2019 12:10,35.8,27.9,22.2,25.0,20.9,46,False,22.0,21.7,45,22.95,22.95,44.0,23.18,23.18,44.0
272,22 Aug 2019 14:10,36.7,27.8,22.8,23.3,21.2,40,False,19.4,18.0,54,23.69,23.69,39.0,19.43,19.43,56.00000000000001
273,22 Aug 2019 16:10,37.0,25.6,23.9,25.0,22.6,38,False,17.0,16.5,64,24.28,24.28,38.0,16.36,16.36,68.0
274,22 Aug 2019 18:10,37.3,25.0,22.8,22.0,22.0,43,False,15.2,14.6,72,22.92,22.92,42.0,14.87,14.87,75.0
275,22 Aug 2019 20:10,40.5,23.5,21.1,19.5,19.5,52,False,14.4,14.2,74,19.95,19.95,51.0,14.53,14.53,76.0
276,22 Aug 2019 22:10,50.1,21.7,18.9,17.3,17.3,59,False,12.9,12.8,83,17.91,17.91,64.0,12.96,12.96,82.0
277,23 Aug 2019 00:10,60.3,19.9,17.8,16.8,16.8,63,False,11.5,11.5,91,17.1,17.1,67.0,12.86,12.86,85.0
278,23 Aug 2019 02:10,60.0,19.5,16.1,15.8,15.8,72,False,16.1,17.8,73,15.68,15.68,74.0,16.06,16.06,74.0
279,23 Aug 2019 04:10,60.2,19.1,15.0,14.2,14.2,76,False,20.9,22.7,55,14.33,14.33,80.0,21.01,21.01,54.0
280,23 Aug 2019 06:10,61.2,18.2,15.0,14.9,14.9,76,False,23.5,26.0,44,14.35,14.35,83.0,23.69,23.69,44.0
281,23 Aug 2019 08:10,65.2,17.8,17.8,18.9,16.8,63,False,24.7,27.1,38,17.87,17.87,67.0,25.22,25.22,40.0
282,23 Aug 2019 10:10,47.7,23.5,21.1,22.7,19.8,56,False,25.9,27.0,36,23.36,23.36,47.0,26.2,26.2,38.0
283,23 Aug 2019 12:10,35.8,29.7,23.9,25.5,22.2,43,False,24.1,23.9,43,24.34,24.34,41.0,25.18,25.18,40.0
284,23 Aug 2019 14:10,34.1,29.2,25.0,26.7,23.5,38,False,21.1,20.0,52,25.66,25.66,37.0,21.67,21.67,50.0
285,23 Aug 2019 16:10,33.4,27.6,26.1,26.8,24.5,36,False,18.5,17.3,63,26.55,26.55,35.0,18.13,18.13,64.0
286,23 Aug 2019 18:10,37.0,26.6,25.0,24.5,23.4,38,False,16.8,16.4,74,24.01,24.01,41.0,16.17,16.17,73.0
287,23 Aug 2019 20:10,37.0,25.2,22.8,21.4,21.4,43,False,15.2,15.3,79,22.03,22.03,45.0,14.94,14.94,77.0
288,23 Aug 2019 22:10,41.7,23.5,17.8,17.9,17.9,63,False,13.9,14.0,86,18.75,18.75,59.0,13.52,13.52,83.0
289,24 Aug 2019 00:10,49.2,21.6,17.8,17.2,17.2,63,False,12.0,12.0,95,16.74,16.74,70.0,13.56,13.56,87.0
290,24 Aug 2019 02:10,49.4,20.9,16.1,15.4,15.4,72,False,16.8,18.8,75,15.79,15.79,74.0,16.46,16.46,77.0
291,24 Aug 2019 04:10,51.2,20.2,12.8,13.4,13.4,87,False,22.0,23.9,54,13.42,13.42,86.0,21.65,21.65,54.0
292,24 Aug 2019 06:10,57.2,18.8,12.2,12.4,12.4,93,False,24.5,26.9,42,13.45,13.45,89.0,24.59,24.59,43.0
293,24 Aug 2019 08:10,66.9,17.3,17.8,20.5,17.9,67,False,25.7,28.0,36,17.08,17.08,73.0,26.31,26.31,38.0
294,24 Aug 2019 10:10,52.1,23.4,23.9,27.1,22.9,46,False,27.1,27.9,33,24.07,24.07,45.0,27.15,27.15,34.0
295,24 Aug 2019 12:10,32.7,31.3,25.0,26.7,23.4,41,False,24.9,24.4,40,26.39,26.39,36.0,26.11,26.11,35.0
296,24 Aug 2019 14:10,30.0,31.5,26.1,29.0,24.9,36,False,21.9,20.5,47,26.91,26.91,34.0,22.67,22.67,42.0
297,24 Aug 2019 16:10,33.6,29.8,27.2,27.2,25.6,34,False,19.4,18.0,57,28.17,28.17,32.0,19.44,19.44,52.0
298,24 Aug 2019 18:10,32.6,27.9,27.2,26.7,25.6,31,False,17.4,16.7,68,25.91,25.91,33.0,17.52,17.52,63.0
299,24 Aug 2019 20:10,32.5,26.1,23.9,22.2,22.2,40,False,15.6,15.4,77,22.75,22.75,40.0,16.04,16.04,73.0
300,24 Aug 2019 22:10,38.8,24.3,22.2,20.8,20.8,46,False,14.6,14.4,82,20.77,20.77,49.0,14.04,14.04,83.0
301,25 Aug 2019 00:10,47.1,22.1,20.0,18.4,18.4,55,False,12.4,11.8,92,19.59,19.59,57.99999999999999,13.75,13.75,88.0
302,25 Aug 2019 02:10,49.1,21.5,16.1,15.8,15.8,72,False,17.3,18.1,71,15.32,15.32,78.0,16.89,16.89,75.0
303,25 Aug 2019 04:10,51.5,20.5,15.0,14.2,14.2,76,False,22.6,23.4,52,14.3,14.3,78.0,22.38,22.38,52.0
304,25 Aug 2019 06:10,55.0,19.7,13.9,14.4,14.4,82,False,25.6,26.8,41,15.44,15.44,77.0,25.31,25.31,41.0
305,25 Aug 2019 08:10,56.6,19.1,17.8,18.6,17.2,63,False,27.0,28.2,36,18.89,18.89,61.0,27.25,27.25,38.0
306,25 Aug 2019 10:10,32.6,31.2,23.9,24.9,22.2,46,False,28.1,28.4,33,25,25,42.0,28.46,28.46,35.0
307,25 Aug 2019 12:10,32.5,30.9,27.2,27.6,25.2,36,False,26.3,25.5,38,27.07,27.07,38.0,27.93,27.93,36.0
308,25 Aug 2019 14:10,31.3,30.7,27.2,27.9,25.3,36,False,23.3,21.6,45,27.95,27.95,34.0,25.07,25.07,44.0
309,25 Aug 2019 16:10,32.3,30.2,27.8,27.9,26.0,34,False,21.7,20.1,54,28.61,28.61,33.0,22.45,22.45,52.0
310,25 Aug 2019 18:10,34.6,28.5,27.8,26.5,26.5,34,False,19.9,18.4,62,27.18,27.18,37.0,20.68,20.68,60.0
311,25 Aug 2019 20:10,37.0,27.3,26.1,24.4,24.4,41,False,18.2,17.6,69,24.31,24.31,47.0,19.58,19.58,67.0
312,25 Aug 2019 22:10,40.0,25.5,23.9,22.0,22.0,46,False,17.4,16.8,72,22.75,22.75,51.0,17.57,17.57,73.0
313,26 Aug 2019 00:10,42.4,24.4,22.2,20.4,20.4,52,False,15.6,14.7,78,20.97,20.97,57.99999999999999,17.05,17.05,75.0
314,26 Aug 2019 02:10,47.0,23.0,20.0,18.3,18.3,59,False,19.5,19.3,64,19.66,19.66,62.0,19.71,19.71,66.0
315,26 Aug 2019 04:10,50.1,21.8,18.9,17.3,17.3,63,False,24.0,24.6,51,17.66,17.66,69.0,24.2,24.2,50.0
316,26 Aug 2019 06:10,49.6,21.4,17.8,17.4,17.4,67,False,27.3,28.3,45,17.89,17.89,69.0,27.31,27.31,44.0
317,26 Aug 2019 08:10,52.8,20.7,20.0,19.1,19.1,59,False,29.2,29.9,39,20.78,20.78,60.0,29.21,29.4,46.0
318,26 Aug 2019 12:10,33.1,31.3,27.2,27.9,25.3,41,False,28.8,28.1,41,27.89,27.89,42.0,29.96,29.96,41.0
319,26 Aug 2019 14:10,30.9,33.2,30.0,30.4,28.0,34,False,25.7,24.1,48,31.03,31.03,34.0,26.72,27.11,49.0
320,26 Aug 2019 16:10,33.1,32.1,31.1,30.4,29.2,35,False,23.1,21.5,55,31.55,31.55,34.0,23.83,23.89,62.0
321,26 Aug 2019 18:10,35.8,30.8,31.1,30.2,29.3,32,False,21.3,19.8,64,29.79,29.79,38.0,22.1,22.17,69.0
322,26 Aug 2019 20:10,36.3,29.6,27.8,26.0,26.0,39,False,19.6,18.2,69,26.84,26.96,44.0,20.52,20.65,78.0
323,26 Aug 2019 22:10,39.0,27.7,25.0,23.2,23.2,50,False,18.8,17.5,71,23.81,23.81,52.0,19.1,19.24,83.0
324,27 Aug 2019 00:10,42.4,26.3,22.8,21.2,21.2,56,False,17.3,16.4,77,22.07,22.07,60.0,18.68,18.8,84.0
325,27 Aug 2019 02:10,46.1,24.6,21.1,19.5,19.5,59,False,20.9,20.6,63,20.8,20.8,61.0,21.38,21.39,70.0
326,27 Aug 2019 04:10,47.5,23.7,20.0,18.5,18.5,63,False,25.6,26.2,50,19.75,19.75,65.0,25.93,25.93,49.0
327,27 Aug 2019 06:10,49.3,22.8,17.8,16.8,16.8,72,False,29.2,30.0,40,19.96,19.96,64.0,28.88,28.88,40.0
328,27 Aug 2019 08:10,53.7,21.8,22.2,22.1,20.5,56,False,31.0,31.9,34,21.35,21.35,61.0,30.55,30.55,39.0
329,27 Aug 2019 10:10,43.7,26.0,26.1,27.0,24.4,47,False,31.6,31.5,32,25.87,25.87,45.0,31.77,31.77,35.0
330,27 Aug 2019 12:10,32.4,32.4,28.9,29.5,27.0,39,False,29.9,28.9,36,29.42,29.42,37.0,31.09,31.09,37.0
331,27 Aug 2019 14:10,32.3,34.5,31.1,31.6,29.2,37,False,26.8,25.1,44,30.95,30.95,34.0,28.05,28.29,48.0
332,27 Aug 2019 16:10,34.3,32.7,32.2,32.0,30.3,33,False,24.9,23.1,51,31.56,31.56,34.0,25.75,25.81,55.00000000000001
333,27 Aug 2019 18:10,34.1,31.5,31.1,29.6,29.6,32,False,22.9,21.2,59,30.67,30.67,35.0,23.81,23.88,63.0
334,27 Aug 2019 20:10,34.3,30.5,28.9,27.3,27.3,39,False,21.1,19.5,65,26.59,26.6,49.0,22.42,22.55,70.0
335,27 Aug 2019 22:10,37.6,28.4,25.0,23.1,23.1,50,False,19.6,18.0,71,24.32,24.32,52.0,20.76,20.84,75.0
336,28 Aug 2019 00:10,43.1,26.7,22.8,21.0,21.0,56,False,18.2,16.8,74,22.67,22.67,59.0,20.24,20.29,75.0
337,28 Aug 2019 02:10,47.5,25.0,22.2,20.4,20.4,60,False,21.5,20.8,60,20.79,20.79,66.0,22.52,22.52,65.0
338,28 Aug 2019 04:10,50.9,23.7,20.0,18.3,18.3,68,False,25.9,26.0,48,19.54,19.54,69.0,26.42,26.42,47.0
339,28 Aug 2019 06:10,53.8,22.9,20.0,18.8,18.8,68,False,29.6,30.0,38,19.74,19.74,69.0,28.85,28.85,40.0
340,28 Aug 2019 08:10,56.6,21.9,21.1,20.1,19.2,64,False,31.6,32.1,33,21.78,21.78,62.0,30.82,30.82,37.0
341,28 Aug 2019 10:10,47.6,25.5,27.2,27.0,25.1,44,False,33.1,33.2,31,26.54,26.54,44.0,31.87,31.87,36.0
342,28 Aug 2019 12:10,34.2,32.4,30.0,29.9,27.8,37,False,30.3,29.4,39,30.08,30.08,36.0,31.09,31.09,40.0
343,28 Aug 2019 14:10,31.4,33.5,31.1,32.0,29.5,39,False,26.9,25.6,50,32.05,32.05,34.0,28.37,29,51.0
344,28 Aug 2019 16:10,36.2,32.7,32.8,32.1,30.9,33,False,23.7,22.8,66,32.36,32.38,38.0,24.46,24.94,76.0
345,28 Aug 2019 18:10,36.0,31.5,32.2,31.5,30.7,35,False,22.0,21.1,75,31.01,31.01,39.0,21.84,22.44,90.0
346,28 Aug 2019 20:10,38.3,30.0,26.1,24.7,24.7,53,False,21.4,20.4,76,26.51,27.37,57.99999999999999,20.49,21.05,94.0
347,28 Aug 2019 22:10,44.7,28.4,23.9,22.5,22.5,60,False,19.7,18.9,85,23.44,23.6,67.0,19.13,19.57,95.0
348,29 Aug 2019 00:10,48.0,27.1,22.8,23.6,23.6,77,True,18.3,17.9,90,22.92,23.08,70.0,19.02,19.44,94.0
349,29 Aug 2019 02:10,78.9,24.4,22.2,21.7,21.7,77,False,22.1,22.4,76,21.39,21.75,83.0,21.58,22.08,88.0
350,29 Aug 2019 04:10,66.5,23.9,20.0,19.4,19.4,82,False,26.7,28.4,58,19.75,19.83,78.0,26.9,28.25,64.0
351,29 Aug 2019 06:10,70.0,22.7,18.9,18.0,18.0,82,False,26.5,28.0,69,19.64,19.82,83.0,29.78,31.01,52.0
352,29 Aug 2019 08:10,72.7,22.4,21.1,21.6,20.4,77,False,31.3,33.0,43,22.09,22.3,74.0,32.03,32.34,40.0
353,29 Aug 2019 10:10,58.6,26.9,27.2,29.8,26.7,57,False,31.3,30.8,49,26.95,27.63,54.0,32.82,32.82,34.0
354,29 Aug 2019 12:10,41.0,34.1,31.1,33.0,30.2,45,False,29.1,29.3,51,31.01,31.94,46.0,31.55,31.55,38.0
355,29 Aug 2019 14:10,37.2,35.6,32.8,33.9,31.7,37,False,23.2,22.2,83,33.18,33.49,37.0,27.5,27.95,51.0
356,29 Aug 2019 16:10,37.2,34.1,32.8,33.0,31.5,35,False,23.9,24.3,74,32.07,32.07,38.0,24.64,24.76,61.0
357,29 Aug 2019 18:10,39.0,32.9,32.2,31.7,31.7,40,False,22.3,21.7,70,31.63,31.63,39.0,22.72,22.85,69.0
358,29 Aug 2019 20:10,42.9,30.6,27.2,26.9,26.9,53,False,21.5,20.7,73,27.11,27.76,54.0,21.61,21.73,73.0
359,29 Aug 2019 22:10,54.0,27.6,23.9,23.8,23.8,68,False,19.3,18.7,79,22.22,22.45,75.0,19.64,19.91,86.0
360,30 Aug 2019 00:10,60.0,25.9,21.1,21.0,21.0,77,False,20.2,19.7,80,22.02,22.24,75.0,19.45,19.8,90.0
361,30 Aug 2019 04:10,59.4,25.0,22.8,22.4,22.4,68,False,26.6,28.9,59,22.2,22.32,71.0,25.76,26.12,66.0
362,30 Aug 2019 06:10,69.5,23.7,22.2,21.4,21.4,73,True,29.1,32.3,49,21.32,21.55,78.0,28.1,29.11,55.00000000000001
363,30 Aug 2019 08:10,74.2,23.6,21.1,21.3,21.3,88,False,28.7,31.8,53,20.98,21.43,88.0,29.41,30.39,51.0
364,30 Aug 2019 10:10,77.0,24.1,25.0,25.9,24.1,64,False,31.3,31.5,38,25.97,26.37,67.0,29.81,30.42,48.0
365,30 Aug 2019 12:10,48.3,33.0,28.9,32.6,28.6,51,False,29.1,28.3,40,28.12,29,54.0,28.43,29.06,51.0
366,30 Aug 2019 14:10,41.1,34.3,28.9,30.3,28.3,47,False,26.2,24.8,49,30.09,30.68,47.0,24.72,24.94,65.0
367,30 Aug 2019 16:10,41.6,33.2,28.9,30.1,28.2,44,False,23.3,22.0,62,29.76,29.76,41.0,22.17,22.5,79.0
368,30 Aug 2019 18:10,40.8,30.3,27.8,28.6,28.6,54,False,21.8,20.6,70,28.61,29.33,51.0,20.52,20.9,87.0
369,30 Aug 2019 20:10,43.9,29.2,25.0,24.9,24.9,60,False,19.8,18.6,74,25.44,25.44,53.0,19.27,19.57,89.0
370,30 Aug 2019 22:10,54.5,26.6,25.0,23.6,23.6,53,False,18.3,18.1,81,21.38,21.58,77.0,17.55,17.8,93.0
371,31 Aug 2019 00:10,58.3,24.9,23.9,22.2,22.2,56,False,17.3,17.0,82,23.48,23.48,59.0,17.57,17.76,91.0
372,31 Aug 2019 02:10,54.5,25.0,21.1,19.4,19.4,68,False,20.8,20.6,69,20.8,20.8,70.0,20.4,20.58,80.0
373,31 Aug 2019 04:10,55.7,23.8,20.0,18.7,18.7,68,False,25.2,26.0,53,19.53,19.53,73.0,24.52,24.76,66.0
374,31 Aug 2019 06:10,55.5,22.9,17.8,18.8,18.8,77,False,27.6,29.1,44,19.45,19.45,71.0,26.77,27.66,57.99999999999999
375,31 Aug 2019 08:10,57.6,22.0,22.2,22.8,20.9,60,False,28.8,30.4,39,21.03,21.03,67.0,27.99,28.49,51.0
376,31 Aug 2019 10:10,48.8,25.4,25.0,26.5,23.6,53,False,29.3,29.8,38,25.42,25.44,55.00000000000001,27.93,28.34,50.0
377,31 Aug 2019 12:10,40.6,31.1,27.2,28.8,25.8,50,False,27.2,26.5,42,27.15,27.49,49.0,26.4,26.48,53.0
378,31 Aug 2019 14:10,37.3,32.8,28.9,31.8,28.0,44,False,24.3,22.8,51,28.72,28.72,42.0,23.09,23.14,65.0
379,31 Aug 2019 16:10,37.0,32.5,30.0,30.1,28.6,39,False,21.9,20.2,56,29.8,29.8,41.0,20.96,21.03,74.0
380,31 Aug 2019 18:10,39.7,30.1,28.9,28.2,28.2,42,False,19.9,18.4,62,27.9,27.92,45.0,19.42,19.43,77.0
381,31 Aug 2019 20:10,42.0,28.9,27.2,25.6,25.6,47,False,18.0,17.0,68,25.34,25.39,56.00000000000001,18.26,18.26,77.0
382,31 Aug 2019 22:10,46.0,27.3,22.8,21.0,21.0,56,False,16.8,15.7,75,22.63,22.63,56.99999999999999,16.94,16.94,81.0
383,01 Sep 2019 00:10,45.4,24.9,22.2,20.5,20.5,56,False,14.5,12.9,86,20.58,20.58,59.0,17.12,17.12,83.0
384,01 Sep 2019 02:10,47.6,23.7,17.8,16.8,16.8,72,False,19.1,19.0,69,18.22,18.22,69.0,19.5,19.5,76.0
385,01 Sep 2019 04:10,52.7,22.3,17.2,16.6,16.6,72,False,24.6,25.3,53,16.41,16.41,77.0,24.49,24.57,60.0
386,01 Sep 2019 06:10,53.6,21.1,17.2,16.6,16.6,72,False,27.2,26.5,49,17.22,17.22,73.0,27.76,28.31,52.0
387,01 Sep 2019 08:10,54.5,20.4,18.9,18.8,17.6,63,False,29.7,30.6,40,19.64,19.64,64.0,29.36,29.73,47.0
388,01 Sep 2019 10:10,38.5,29.2,23.9,24.4,22.3,49,False,30.8,30.8,35,25.91,25.91,44.0,30.48,30.48,36.0
389,01 Sep 2019 12:10,36.0,31.0,27.8,27.9,25.7,41,False,29.2,28.3,39,28.4,28.4,40.0,29.66,29.66,38.0
390,01 Sep 2019 14:10,34.8,32.8,30.0,30.2,28.0,42,False,25.3,23.9,53,30.63,30.63,37.0,26.57,26.63,52.0
391,01 Sep 2019 16:10,36.9,31.8,31.1,30.2,29.1,37,False,23.9,22.4,56,31.46,31.46,38.0,24.19,24.36,65.0
392,01 Sep 2019 18:10,38.1,30.5,30.0,28.4,28.4,42,False,22.3,20.8,64,28.97,29.19,46.0,22.09,22.36,77.0
393,01 Sep 2019 20:10,41.6,29.3,27.2,25.7,25.7,50,False,20.6,19.2,69,26,26.15,56.99999999999999,20.93,21.14,79.0
394,01 Sep 2019 22:10,45.3,27.9,22.8,21.1,21.1,64,False,19.4,18.2,75,23.51,23.58,63.0,19.05,19.37,90.0
395,02 Sep 2019 00:10,51.1,26.0,22.2,21.0,21.0,68,False,18.1,17.9,87,21.93,21.98,69.0,18.45,18.83,95.0
396,02 Sep 2019 02:10,56.0,25.0,20.0,18.9,18.9,77,False,20.1,20.1,84,20.88,20.95,74.0,19.22,19.78,99.0
397,02 Sep 2019 04:10,60.5,23.9,18.9,18.0,18.0,82,False,22.0,22.0,75,19.6,19.75,82.0,20.12,20.55,91.0
398,02 Sep 2019 06:10,66.8,22.8,18.9,18.2,18.2,82,False,21.6,19.4,80,18.19,18.38,89.0,21.75,21.97,76.0
399,02 Sep 2019 08:10,76.5,21.1,20.0,19.4,19.4,82,False,20.0,16.4,88,19.57,19.83,86.0,22.45,22.45,63.0
400,02 Sep 2019 10:10,81.8,21.9,22.2,21.1,21.1,73,False,21.4,19.9,66,21.96,22.06,71.0,21.05,21.05,62.0
401,02 Sep 2019 12:10,62.0,25.3,22.8,22.6,21.4,68,False,19.9,18.2,63,23.38,23.42,63.0,18.68,18.68,68.0
402,02 Sep 2019 14:10,58.3,27.5,22.8,21.8,20.9,64,False,18.3,17.1,71,23.64,23.64,60.0,16.65,16.65,81.0
403,02 Sep 2019 16:10,63.5,24.0,22.2,20.6,20.6,64,False,16.6,15.6,77,19.99,19.99,72.0,15.33,15.33,88.0
404,02 Sep 2019 18:10,65.7,22.8,21.1,19.2,19.2,64,False,15.5,14.2,86,20.04,20.04,70.0,14.61,14.61,93.0
405,02 Sep 2019 20:10,60.2,21.9,18.9,16.7,16.7,72,False,14.8,13.2,88,19.46,19.46,66.0,14.24,14.24,96.0
406,02 Sep 2019 22:10,68.9,20.0,15.0,11.9,11.9,87,True,14.4,13.6,91,16.21,16.21,79.0,14.13,14.15,98.0
407,03 Sep 2019 00:10,84.1,17.5,15.0,11.9,11.9,93,True,14.0,11.8,88,13.39,13.39,100,14.27,14.27,96.0
408,03 Sep 2019 02:10,91.4,16.8,13.9,10.6,10.6,100,True,15.0,14.9,83,14.55,14.55,95.0,14.69,14.69,95.0
409,03 Sep 2019 04:10,92.1,16.1,13.9,11.0,11.0,93,True,16.9,17.3,69,14.28,14.28,92.0,16.59,16.59,80.0
410,03 Sep 2019 06:10,93.8,16.0,13.9,12.4,12.4,93,False,19.0,19.6,57,13.93,13.93,94.0,18.36,18.36,62.0
411,03 Sep 2019 08:10,91.6,16.7,13.9,13.4,13.4,93,False,20.2,21.2,47,14.1,14.1,91.0,19.6,19.6,51.0
412,03 Sep 2019 12:10,89.8,17.9,17.2,19.0,17.0,72,False,19.5,18.8,45,18.52,18.52,67.0,19.76,19.76,44.0
413,03 Sep 2019 14:10,63.5,21.0,18.9,18.7,17.2,52,False,16.9,16.9,55,19.97,19.97,51.0,16.8,16.8,57.99999999999999
414,03 Sep 2019 16:10,45.3,22.7,21.1,21.4,19.7,45,False,16.0,15.8,60,21.29,21.29,43.0,15.18,15.18,68.0
415,03 Sep 2019 18:10,50.2,20.9,20.0,19.5,19.5,45,False,15.3,15.0,65,19.14,19.14,51.0,13.86,13.86,77.0
416,03 Sep 2019 20:10,48.6,20.6,17.2,17.4,17.4,63,False,12.7,12.1,75,16.17,16.17,69.0,12.66,12.66,84.0
417,03 Sep 2019 22:10,60.8,19.5,16.1,15.8,15.8,63,False,12.1,11.9,75,16.81,16.81,62.0,11.18,11.18,89.0
418,04 Sep 2019 00:10,55.0,19.2,15.0,15.2,15.2,71,False,10.1,9.6,85,15.38,15.38,68.0,11.02,11.02,88.0
419,04 Sep 2019 02:10,59.0,18.6,15.0,15.2,15.2,76,False,15.2,15.9,64,14.49,14.49,77.0,13.4,13.4,77.0
420,04 Sep 2019 04:10,67.5,17.5,13.9,13.0,13.0,71,False,19.3,20.3,53,13.34,13.34,76.0,18.18,18.18,59.0
421,04 Sep 2019 06:10,67.2,16.6,11.1,12.3,12.3,87,False,21.6,23.1,49,13.04,13.04,78.0,20.58,20.58,56.00000000000001
422,04 Sep 2019 08:10,68.4,16.8,13.9,15.1,15.1,82,False,23.0,24.1,43,14.89,14.89,83.0,22.2,22.2,49.0
423,04 Sep 2019 10:10,60.6,18.5,18.9,21.9,17.9,52,False,23.7,24.5,41,20.07,20.07,56.00000000000001,23.65,23.65,41.0
424,04 Sep 2019 12:10,48.7,21.3,21.1,21.8,19.9,45,False,22.2,21.8,45,21.93,21.93,41.0,22.83,22.83,42.0
425,04 Sep 2019 14:10,38.8,25.5,22.2,24.6,21.0,43,False,19.3,18.0,56,23.32,23.32,39.0,19.55,19.55,53.0
426,04 Sep 2019 16:10,38.4,24.5,22.8,22.8,21.4,40,False,17.8,16.9,60,23.65,23.65,36.0,17.35,17.35,65.0
427,04 Sep 2019 18:10,40.2,23.6,22.2,21.3,21.3,46,False,16.2,14.9,67,22.03,22.03,43.0,15.93,15.93,72.0
428,04 Sep 2019 20:10,42.2,22.6,17.8,17.2,17.2,59,False,14.8,13.6,71,18.74,18.74,57.99999999999999,14.3,14.3,76.0
429,04 Sep 2019 22:10,50.1,20.8,15.0,13.7,13.7,71,False,13.5,12.1,75,16.5,16.5,69.0,13.2,13.2,78.0
430,05 Sep 2019 00:10,55.5,19.5,13.9,13.0,13.0,76,False,12.9,11.2,76,15.06,15.06,74.0,13.33,13.33,77.0
431,05 Sep 2019 02:10,60.7,18.0,12.8,12.4,12.4,81,False,16.3,15.7,65,13.39,13.39,77.0,15.62,15.62,73.0
432,05 Sep 2019 04:10,68.0,16.9,11.1,10.0,10.0,93,False,21.0,21.0,50,11.99,11.99,84.0,20.06,20.06,60.0
433,05 Sep 2019 06:10,73.0,15.7,11.1,11.3,11.3,87,False,23.7,24.2,42,11.44,11.44,87.0,22.45,22.45,52.0
434,05 Sep 2019 08:10,75.8,15.1,13.9,14.2,13.0,82,False,22.6,21.8,53,14.76,14.76,76.0,24.11,24.11,47.0
435,05 Sep 2019 10:10,53.5,21.8,21.1,21.3,19.1,52,False,25.8,25.3,36,21.03,21.03,51.0,25.61,25.61,39.0
436,05 Sep 2019 12:10,39.0,27.0,22.8,23.3,20.8,46,False,24.1,22.9,42,23.24,23.24,43.0,24.83,24.83,42.0
437,05 Sep 2019 14:10,35.0,29.0,23.9,25.0,22.2,43,False,21.1,19.5,54,24.92,24.92,41.0,21.16,21.16,56.99999999999999
438,05 Sep 2019 16:10,37.5,26.3,26.1,25.4,24.2,41,False,19.3,17.6,64,25.81,25.81,35.0,18.52,18.52,72.0
439,05 Sep 2019 18:10,38.9,25.4,23.9,22.8,22.8,40,False,17.8,16.5,71,24,24,42.0,17.08,17.08,78.0
440,05 Sep 2019 20:10,41.8,24.3,21.1,19.7,19.7,59,False,17.0,15.8,69,20.55,20.55,56.00000000000001,14.88,14.88,80.0
441,05 Sep 2019 22:10,48.2,23.3,20.0,18.0,18.0,59,False,15.9,14.7,66,19.44,19.44,66.0,13.39,13.39,81.0
442,06 Sep 2019 00:10,56.0,21.0,17.8,16.8,16.8,63,False,14.0,12.1,70,17,17,68.0,12.61,12.61,83.0
443,06 Sep 2019 02:10,56.0,19.8,16.1,15.8,15.8,72,False,14.6,13.0,68,16.14,16.14,71.0,13.94,13.94,82.0
444,06 Sep 2019 04:10,59.6,19.3,13.9,12.5,12.5,76,False,17.5,17.7,52,14.21,14.21,74.0,16.97,16.97,65.0
445,06 Sep 2019 06:10,60.9,17.5,12.2,11.2,11.2,81,False,19.4,20.3,42,12.14,12.14,80.0,18.87,18.87,50.0
446,06 Sep 2019 08:10,67.2,16.1,15.0,15.0,13.3,67,False,20.3,21.8,36,13.16,13.16,78.0,20.66,20.66,40.0
447,06 Sep 2019 10:10,46.7,22.5,17.2,17.2,15.3,59,False,21.0,21.9,35,17.45,17.45,54.0,22,22,31.0
448,06 Sep 2019 12:10,38.2,24.3,18.9,20.3,17.2,45,False,19.6,19.3,40,19.71,19.71,40.0,20.79,20.79,32.0
449,06 Sep 2019 14:10,33.0,25.8,20.0,21.1,18.4,39,False,16.2,15.9,52,20.67,20.67,34.0,16.84,16.84,42.0
450,06 Sep 2019 16:10,32.8,24.2,21.1,22.4,19.9,34,False,14.8,14.4,56,21.33,21.33,32.0,13.97,13.97,53.0
451,06 Sep 2019 18:10,32.2,22.3,20.0,20.2,19.0,37,False,13.6,13.5,63,19.71,19.71,35.0,12.43,12.43,59.0
452,06 Sep 2019 20:10,36.6,21.1,13.9,14.1,14.1,58,False,12.4,12.0,69,15.97,15.97,49.0,11.14,11.14,67.0
453,06 Sep 2019 22:10,45.7,18.2,12.8,13.0,13.0,66,False,12.0,12.0,71,12.8,12.8,66.0,10.48,10.48,74.0
454,07 Sep 2019 00:10,55.7,16.2,10.0,10.7,10.7,81,False,11.2,10.8,74,10.17,10.17,80.0,11.15,11.15,74.0
455,07 Sep 2019 02:10,63.2,15.2,10.0,10.7,10.7,87,False,14.4,14.3,62,10.06,10.06,81.0,13.26,13.26,70.0
456,07 Sep 2019 04:10,65.8,14.6,10.0,10.7,10.7,87,False,17.6,17.5,54,10.58,10.58,83.0,17,17,56.00000000000001
457,07 Sep 2019 06:10,65.1,14.8,11.1,11.8,11.8,76,False,19.8,19.2,51,11.31,11.31,81.0,19.91,19.91,49.0
458,07 Sep 2019 08:10,54.3,15.7,12.8,13.1,13.1,71,False,22.1,21.2,46,14.34,14.34,65.0,22.85,22.85,47.0
459,07 Sep 2019 10:10,54.5,16.6,17.8,18.2,15.4,51,False,23.1,23.2,48,18.16,18.16,53.0,23.71,23.71,49.0
460,07 Sep 2019 12:10,39.5,22.9,18.9,19.1,17.2,52,False,22.7,21.5,50,21.68,21.68,43.0,23.15,23.15,54.0
461,07 Sep 2019 14:10,47.7,21.6,22.8,22.9,21.0,49,False,20.4,18.8,60,23.27,23.27,47.0,21.24,21.24,63.0
462,07 Sep 2019 16:10,44.2,23.8,22.2,21.2,20.3,52,False,18.6,17.0,70,22.51,22.51,52.0,18.74,18.75,80.0
463,07 Sep 2019 18:10,51.5,22.7,22.8,20.6,20.6,49,False,17.3,14.8,79,21.54,21.54,63.0,17.02,17.09,89.0
464,07 Sep 2019 20:10,58.8,22.2,22.2,20.5,20.5,56,False,16.5,14.0,81,19.78,19.78,67.0,15.55,15.55,89.0
465,07 Sep 2019 22:10,53.9,22.0,20.0,18.4,18.4,63,False,15.5,13.2,91,18.24,18.24,75.0,15.69,15.69,86.0
466,08 Sep 2019 00:10,56.1,21.2,17.8,15.8,15.8,77,False,14.8,12.3,93,19.37,19.37,65.0,15.06,15.06,88.0
467,08 Sep 2019 02:10,79.4,19.5,16.1,15.6,15.6,93,False,16.1,14.4,88,15.95,16.01,92.0,14.65,14.65,94.0
468,08 Sep 2019 04:10,86.2,18.7,16.1,16.3,16.3,93,False,18.0,18.4,79,15.73,15.83,94.0,15.93,15.93,88.0
469,08 Sep 2019 06:10,91.0,18.0,15.0,14.5,14.5,100,True,19.2,19.4,74,15.11,15.26,99.0,16.94,16.94,86.0
470,08 Sep 2019 08:10,92.6,17.5,13.9,11.6,11.6,100,False,20.5,22.6,70,14.65,14.67,96.0,16.34,16.34,84.0
471,08 Sep 2019 10:10,96.3,15.7,13.9,11.6,10.3,93,False,20.6,19.7,77,14.06,14.09,98.0,18.64,18.64,74.0
472,08 Sep 2019 12:10,94.5,15.7,13.9,13.7,11.8,100,False,19.3,18.4,78,14.79,14.79,94.0,18.96,18.96,72.0
473,08 Sep 2019 14:10,94.2,16.5,15.0,16.3,16.3,93,False,17.4,17.5,87,16.1,16.13,91.0,15.99,15.99,79.0
474,08 Sep 2019 16:10,91.7,17.2,16.1,16.9,16.9,87,False,15.1,14.6,83,17.07,17.07,82.0,14.76,14.76,81.0
475,08 Sep 2019 18:10,92.3,16.8,16.1,16.8,16.8,87,False,14.5,14.6,89,15.46,15.46,89.0,13.98,13.98,85.0
476,08 Sep 2019 20:10,92.2,17.5,16.1,16.9,16.9,82,False,12.6,12.4,97,14.65,14.65,90.0,14.12,14.12,85.0
477,08 Sep 2019 22:10,92.0,17.2,15.0,14.7,14.7,93,False,14.0,13.5,95,15.22,15.22,89.0,15,15,84.0
478,09 Sep 2019 00:10,92.0,16.9,15.0,15.5,15.5,93,False,14.4,13.5,93,14.68,14.68,95.0,15.53,15.53,87.0
479,09 Sep 2019 02:10,93.2,16.6,13.9,12.1,12.1,93,False,17.0,16.4,83,13.87,13.87,95.0,16.55,16.62,90.0
480,09 Sep 2019 04:10,93.3,16.2,13.9,12.5,12.5,93,False,21.3,21.2,64,15.34,15.34,90.0,20.24,20.26,74.0
481,09 Sep 2019 08:10,93.4,16.1,16.1,15.0,15.0,82,False,25.3,25.8,47,15.73,15.73,88.0,25.39,25.4,55.00000000000001
482,09 Sep 2019 10:10,76.1,20.8,21.1,21.6,19.3,68,False,25.8,25.1,44,21.03,21.03,68.0,25.83,25.83,47.0
483,09 Sep 2019 12:10,57.4,26.4,23.9,24.3,21.9,56,False,23.7,22.2,45,24.37,24.37,56.00000000000001,24.5,24.5,48.0
484,09 Sep 2019 14:10,51.2,27.1,25.0,24.6,22.9,50,False,20.7,18.9,54,25.67,25.67,48.0,20.52,20.52,65.0
485,09 Sep 2019 16:10,52.1,25.5,25.0,23.9,23.0,50,False,16.8,12.9,84,24.96,24.96,49.0,17.37,17.37,81.0
486,09 Sep 2019 18:10,57.2,23.9,21.1,20.8,20.8,77,False,16.1,14.8,89,19.66,19.75,79.0,15.2,15.2,89.0
487,09 Sep 2019 20:10,69.5,22.7,21.1,20.8,20.8,77,False,15.1,13.4,91,20.14,20.2,76.0,14.37,14.37,89.0
488,09 Sep 2019 22:10,80.0,21.7,17.8,17.6,17.6,82,False,14.1,12.1,92,17.83,17.95,87.0,13.65,13.65,85.0
489,10 Sep 2019 00:10,80.3,19.8,17.2,17.0,17.0,87,True,11.5,9.0,95,16.07,16.07,89.0,12.25,12.25,90.0
490,10 Sep 2019 02:10,90.8,18.3,16.1,12.6,12.6,87,False,13.5,11.2,83,15.31,15.36,94.0,12.15,12.15,89.0
491,10 Sep 2019 04:10,92.4,16.4,12.8,10.8,10.8,93,False,16.0,14.4,71,13.4,13.4,93.0,14.75,14.75,79.0
492,10 Sep 2019 06:10,92.2,15.3,12.8,9.4,9.4,93,False,17.2,16.2,66,12.15,12.15,94.0,16.61,16.61,74.0
493,10 Sep 2019 08:10,91.4,14.6,12.8,9.9,9.9,87,False,18.8,18.5,58,13.4,13.4,85.0,17.53,17.53,67.0
494,10 Sep 2019 10:10,88.8,14.9,13.9,10.5,10.5,82,False,20.1,19.7,50,15.77,15.77,76.0,20.02,20.02,52.0
495,10 Sep 2019 12:10,83.3,15.6,15.0,12.7,11.9,76,False,18.5,17.8,55,15.43,15.43,74.0,20.04,20.04,50.0
496,10 Sep 2019 14:10,79.6,16.6,17.2,16.6,15.6,67,False,15.9,15.1,66,16.67,16.67,65.0,15.84,15.84,68.0
497,10 Sep 2019 16:10,68.5,17.8,18.9,17.5,16.8,55,False,14.5,13.2,72,20.06,20.06,52.0,13.27,13.27,81.0
498,10 Sep 2019 18:10,56.9,19.4,18.9,17.8,17.8,55,False,13.2,12.0,81,17.94,17.94,57.99999999999999,12.22,12.22,87.0
499,10 Sep 2019 20:10,60.4,18.9,15.0,14.2,14.2,71,False,11.9,10.7,85,13.66,13.66,80.0,12.18,12.18,91.0
500,10 Sep 2019 22:10,73.2,17.2,13.9,12.5,12.5,76,False,12.1,11.3,84,13.46,13.46,80.0,11.2,11.2,91.0
501,11 Sep 2019 00:10,76.2,16.0,12.2,11.8,11.8,81,False,10.1,10.1,92,12.2,12.2,89.0,10.44,10.44,94.0
502,11 Sep 2019 02:10,81.0,15.1,11.1,9.4,9.4,87,False,14.1,14.3,74,11.44,11.44,87.0,12.18,12.18,89.0
503,11 Sep 2019 04:10,84.2,14.4,10.0,11.3,11.3,93,False,18.5,19.4,60,10.11,10.11,91.0,17.41,17.41,69.0
504,11 Sep 2019 06:10,83.6,14.3,10.0,11.0,11.0,93,False,21.1,22.8,51,10.55,10.55,93.0,20.52,20.52,57.99999999999999
505,11 Sep 2019 08:10,84.4,13.9,11.1,11.7,11.7,93,False,22.6,24.4,45,12.04,12.04,88.0,22.37,22.37,50.0
506,11 Sep 2019 10:10,71.0,18.0,17.2,18.3,16.6,72,False,23.2,23.7,44,18.7,18.7,63.0,23.41,23.41,46.0
507,11 Sep 2019 12:10,54.9,22.8,20.0,21.2,18.8,59,False,21.3,21.1,55,20.23,20.23,61.0,22.53,22.53,48.0
508,11 Sep 2019 14:10,46.9,25.9,22.2,23.3,20.9,52,False,18.5,17.3,63,21.74,21.74,50.0,18.78,18.78,62.0
509,11 Sep 2019 16:10,49.8,22.5,22.2,21.6,20.6,52,False,16.5,15.8,68,21.6,21.6,53.0,15.92,15.92,76.0
510,11 Sep 2019 18:10,48.9,22.7,22.8,22.1,22.1,46,False,14.6,14.3,77,21.86,21.86,47.0,14.53,14.53,85.0
511,11 Sep 2019 20:10,53.1,21.7,18.9,17.7,17.7,59,False,13.7,13.5,80,17.18,17.18,73.0,13.43,13.43,87.0
512,11 Sep 2019 22:10,66.9,19.4,17.2,17.6,17.6,72,False,12.8,12.2,84,16.18,16.18,72.0,12.31,12.31,91.0
513,12 Sep 2019 00:10,75.7,17.9,12.8,13.8,13.8,87,False,11.8,11.5,88,14.46,14.46,81.0,11.88,11.88,94.0
514,12 Sep 2019 02:10,81.9,16.6,12.2,12.4,12.4,93,False,15.6,15.7,74,12.05,12.05,94.0,13.82,13.82,88.0
515,12 Sep 2019 04:10,84.4,16.0,12.2,12.8,12.8,93,False,20.2,20.8,60,11.71,11.71,95.0,19.26,19.26,68.0
516,12 Sep 2019 06:10,83.7,15.6,11.1,11.3,11.3,100,False,22.8,23.6,48,11.42,11.42,99.0,21.93,21.93,55.00000000000001
517,12 Sep 2019 08:10,86.1,14.8,12.8,14.2,14.2,87,False,23.8,24.3,40,14.12,14.12,82.0,23.64,23.64,42.0
518,12 Sep 2019 10:10,60.7,21.5,20.0,21.7,19.0,63,False,23.2,22.8,43,20.98,20.98,57.99999999999999,23.61,23.61,41.0
519,12 Sep 2019 12:10,51.1,26.4,22.8,24.2,21.2,49,False,20.9,20.0,52,23.28,23.28,52.0,22.14,22.14,48.0
520,12 Sep 2019 14:10,43.0,27.8,23.9,24.4,22.2,40,False,17.9,17.2,69,22.8,22.8,45.0,18.35,18.35,68.0
521,12 Sep 2019 16:10,41.0,25.7,23.9,23.7,22.3,40,False,16.4,15.7,78,23.43,23.43,40.0,15.37,15.37,84.0
522,12 Sep 2019 18:10,42.0,23.8,22.8,21.9,21.9,43,False,14.7,14.4,89,21.12,21.12,52.0,14.2,14.2,90.0
523,12 Sep 2019 20:10,52.3,21.8,18.9,17.4,17.4,63,False,13.9,13.5,91,17.82,17.82,67.0,13.44,13.44,89.0
524,12 Sep 2019 22:10,71.0,19.8,16.1,15.8,15.8,82,False,13.6,13.0,94,15.22,15.22,87.0,13.35,13.35,90.0
525,13 Sep 2019 00:10,86.4,16.8,13.9,14.4,14.4,87,False,13.1,12.0,94,12.44,12.44,92.0,13.65,13.65,93.0
526,13 Sep 2019 02:10,86.3,16.7,12.8,13.8,13.8,93,False,15.9,15.1,81,12.67,12.67,95.0,15.51,15.51,88.0
527,13 Sep 2019 04:10,87.8,16.0,12.8,13.4,13.4,93,False,19.7,19.5,66,12.5,12.5,99.0,19.79,19.79,72.0
528,13 Sep 2019 06:10,88.4,16.4,11.1,10.9,10.9,93,False,21.8,21.7,59,12.91,12.91,95.0,21.64,21.64,65.0
529,13 Sep 2019 08:10,90.2,15.8,15.0,15.6,15.6,87,False,23.0,22.8,54,13.64,13.64,89.0,23.05,23.05,56.00000000000001
530,13 Sep 2019 10:10,71.7,20.7,20.0,21.2,18.5,68,False,22.7,21.5,54,21.31,21.31,65.0,23.46,23.46,53.0
531,13 Sep 2019 12:10,54.9,26.3,22.8,23.1,21.2,56,False,20.7,19.0,62,22.79,22.79,56.99999999999999,21.41,21.41,62.0
532,13 Sep 2019 14:10,51.0,26.1,22.8,21.9,21.1,52,False,17.8,16.0,85,22.51,22.51,53.0,18.06,18.06,77.0
533,13 Sep 2019 16:10,57.5,22.6,22.2,21.2,20.4,56,False,16.3,13.9,71,22.21,22.21,55.00000000000001,15.64,15.64,76.0
534,13 Sep 2019 18:10,57.0,22.5,21.1,19.8,19.8,59,False,13.6,11.4,73,20.37,20.37,65.0,13.29,13.29,79.0
535,13 Sep 2019 20:10,60.0,21.9,17.8,14.5,14.5,82,True,11.6,9.3,80,17.73,17.73,82.0,11.6,11.6,86.0
536,13 Sep 2019 22:10,91.1,18.9,16.1,14.6,14.6,87,False,10.3,8.0,90,15.99,15.99,83.0,10.27,10.27,90.0
537,14 Sep 2019 00:10,87.1,17.6,13.9,11.0,11.0,76,False,8.2,5.3,98,13.88,13.88,79.0,9.84,7.69,92.0
538,14 Sep 2019 02:10,76.8,15.2,11.1,9.4,9.4,81,False,11.4,9.2,81,11.69,11.69,76.0,11.29,11.29,87.0
539,14 Sep 2019 04:10,79.6,14.5,10.0,8.2,8.2,87,False,15.1,13.9,59,9.92,7.95,91.0,14.87,14.87,68.0
540,14 Sep 2019 06:10,85.2,13.3,8.9,7.8,7.8,93,False,16.6,15.5,51,9.27,7.77,92.0,16.94,16.94,56.00000000000001
541,14 Sep 2019 08:10,86.0,12.5,11.1,10.2,10.2,87,False,17.6,16.6,48,11.02,11.02,83.0,18.47,18.47,45.0
542,14 Sep 2019 10:10,64.0,18.2,15.0,15.2,13.0,71,False,18.4,17.3,44,15.17,15.17,65.0,18.91,18.91,42.0
543,14 Sep 2019 12:10,52.3,23.0,17.8,18.0,16.2,48,False,16.8,15.4,50,17.81,17.81,52.0,17.53,17.53,45.0
544,14 Sep 2019 14:10,45.7,22.1,17.2,17.3,15.1,48,False,13.9,12.4,64,18.39,18.39,44.0,14.12,14.12,59.0
545,14 Sep 2019 16:10,41.8,21.2,18.9,18.0,16.9,42,False,12.2,10.3,70,19,19,41.0,11.37,11.37,73.0
546,14 Sep 2019 18:10,43.6,19.9,17.2,15.5,15.5,48,False,10.3,9.4,79,16.98,16.98,48.0,9.73,8.35,83.0
547,14 Sep 2019 20:10,49.1,18.3,12.8,13.0,13.0,62,False,9.1,8.3,84,11.98,11.98,68.0,9.1,7.64,86.0
548,14 Sep 2019 22:10,58.0,15.8,11.1,10.7,10.7,71,False,8.1,7.8,89,10.52,10.52,74.0,7.93,6.15,89.0
549,15 Sep 2019 00:10,66.3,14.3,7.8,8.0,8.0,87,False,8.3,7.4,83,10.41,10.41,80.0,7.41,5.33,90.0
550,15 Sep 2019 02:10,71.7,13.1,7.8,9.2,9.2,93,False,11.1,9.9,71,7.91,7.13,88.0,9.75,7.81,78.0
551,15 Sep 2019 04:10,75.3,12.3,6.1,7.0,7.0,93,False,16.1,15.1,52,6.36,5.52,95.0,15.38,15.38,56.99999999999999
552,15 Sep 2019 06:10,78.9,11.2,6.1,8.4,8.4,93,False,18.7,18.6,46,6.67,6.02,90.0,18.95,18.95,46.0
553,15 Sep 2019 08:10,79.8,10.6,10.0,12.4,10.2,81,False,20.2,19.0,42,9.5,8.14,76.0,21.39,21.39,39.0
554,15 Sep 2019 10:10,62.1,15.5,16.1,17.2,14.6,54,False,20.9,19.6,44,17.03,17.03,55.00000000000001,22.54,22.54,41.0
555,15 Sep 2019 12:10,44.8,21.6,17.8,17.1,15.8,48,False,19.6,17.8,51,19.55,19.55,44.0,21.74,21.74,47.0
556,15 Sep 2019 14:10,43.0,21.7,20.0,19.1,18.0,39,False,17.9,15.9,62,21.25,21.25,39.0,19.61,19.61,57.99999999999999
557,15 Sep 2019 16:10,40.7,21.6,21.1,20.9,19.5,42,False,17.8,15.6,56,20.27,20.27,45.0,18.39,18.39,51.0
558,15 Sep 2019 18:10,45.3,21.1,20.0,18.8,18.8,52,False,16.7,14.5,54,19.51,19.51,54.0,17.17,17.17,50.0
559,15 Sep 2019 20:10,53.5,20.3,17.2,16.6,16.6,63,False,15.3,12.0,62,18.02,18.02,62.0,16.49,16.49,52.0
560,15 Sep 2019 22:10,59.8,18.8,18.9,17.1,17.1,59,False,13.8,11.2,75,17.23,17.23,61.0,15.75,15.75,72.0
561,16 Sep 2019 00:10,62.0,19.0,17.8,16.5,16.5,59,False,14.0,11.2,72,17.63,17.63,57.99999999999999,14.35,14.35,82.0
562,16 Sep 2019 02:10,59.8,18.2,17.8,16.2,16.2,48,False,13.9,11.1,65,17.38,17.38,52.0,13.38,13.38,74.0
563,16 Sep 2019 04:10,52.7,18.0,17.2,16.2,16.2,55,False,15.0,12.8,57,16.6,16.6,68.0,14.97,14.97,63.0
564,16 Sep 2019 06:10,56.4,17.4,16.1,13.5,13.5,58,False,15.8,14.3,53,15.02,15.02,60.0,16.07,16.07,56.99999999999999
565,16 Sep 2019 08:10,58.8,16.0,13.9,12.4,12.4,67,False,16.8,15.6,48,13.34,13.34,66.0,18.18,18.18,47.0
566,16 Sep 2019 10:10,52.8,18.2,15.0,12.8,11.7,58,False,18.0,17.1,44,15.93,15.93,52.0,18.65,18.65,42.0
567,16 Sep 2019 12:10,48.4,19.1,17.2,15.9,14.9,48,False,16.0,14.1,49,17.47,17.47,48.0,17.63,17.63,43.0
568,16 Sep 2019 14:10,45.1,20.4,17.2,15.5,14.7,48,False,13.7,11.6,59,18.33,18.33,42.0,14.75,14.75,54.0
569,16 Sep 2019 16:10,44.0,20.2,17.2,15.9,14.9,48,False,12.4,10.1,63,17.39,17.39,46.0,12.79,12.79,67.0
570,16 Sep 2019 18:10,46.5,18.5,16.1,14.1,14.1,51,False,11.5,9.1,69,16.1,16.1,50.0,11.27,11.27,75.0
571,16 Sep 2019 20:10,48.6,17.0,13.9,13.0,13.0,54,False,9.8,7.4,77,13.63,13.63,56.99999999999999,9.71,7.26,86.0
572,16 Sep 2019 22:10,51.1,16.0,12.2,11.8,11.8,62,False,9.2,6.9,80,11.62,11.62,64.0,9.08,6.58,90.0
573,17 Sep 2019 00:10,55.4,14.7,10.0,8.8,8.8,76,False,7.8,4.9,89,9.51,8.11,74.0,8.87,6.27,91.0
574,17 Sep 2019 02:10,62.5,13.3,8.9,7.0,7.0,81,False,10.3,7.7,79,9.41,7.27,76.0,9.99,7.47,87.0
575,17 Sep 2019 04:10,70.6,12.1,8.9,7.0,7.0,81,False,13.7,11.6,62,8.56,6.62,83.0,13.78,13.78,66.0
576,17 Sep 2019 06:10,76.0,11.3,7.8,5.7,5.7,87,False,15.5,13.5,52,8.13,6.13,86.0,15.47,15.47,56.99999999999999
577,17 Sep 2019 08:10,83.4,11.0,8.9,7.0,7.0,87,False,15.1,13.2,54,9.11,6.93,85.0,15.48,15.48,51.0
578,17 Sep 2019 12:10,51.4,20.0,16.1,14.7,13.3,51,False,12.5,8.7,72,15.03,15.03,56.00000000000001,15,15,56.00000000000001
579,17 Sep 2019 14:10,55.7,15.6,15.0,12.7,11.9,51,False,10.2,5.6,83,14.72,14.72,53.0,11.17,11.17,76.0
580,17 Sep 2019 16:10,52.3,16.5,15.0,12.7,12.7,54,False,9.2,3.9,83,15.28,15.28,53.0,9.65,6.24,85.0
581,17 Sep 2019 18:10,54.8,15.9,12.8,10.7,10.7,66,True,8.0,2.1,86,12.98,12.98,68.0,8.5,4.56,89.0
582,17 Sep 2019 20:10,89.0,12.0,8.9,4.5,4.5,87,True,6.4,-0.3,89,8.36,6.34,100,7.76,3.42,91.0
583,17 Sep 2019 22:10,91.6,10.6,7.8,4.5,4.5,93,False,6.8,-0.2,84,7.58,4.89,95.0,7.34,2.61,93.0
584,18 Sep 2019 00:10,92.0,9.7,7.8,3.6,3.6,87,False,7.1,0.4,86,7.5,3.77,89.0,7.9,3.2,94.0
585,18 Sep 2019 02:10,88.5,9.4,7.8,2.4,2.4,81,False,8.8,3.0,80,7.33,3.29,83.0,9.11,4.84,92.0
586,18 Sep 2019 04:10,83.8,8.8,7.2,2.9,2.9,81,False,11.2,4.2,72,6.66,2.51,78.0,11.51,11.51,79.0
587,18 Sep 2019 06:10,85.3,8.5,7.8,2.8,2.8,81,True,13.5,10.3,56,7.41,3.42,86.0,13.35,13.35,66.0
588,18 Sep 2019 08:10,93.4,8.8,7.8,3.1,3.1,93,True,15.0,12.8,46,9.06,5.61,85.0,14.7,14.7,55.00000000000001
589,18 Sep 2019 10:10,96.0,9.3,10.0,5.5,5.5,81,False,13.3,10.1,58,10.54,10.54,78.0,13.93,13.93,63.0
590,18 Sep 2019 12:10,71.0,14.3,15.0,12.9,10.9,54,False,12.3,8.7,67,14.23,14.23,55.00000000000001,13.06,13.06,69.0
591,18 Sep 2019 14:10,54.7,17.2,13.9,10.8,9.8,54,False,10.2,7.2,83,14.46,14.46,48.0,11.42,11.42,67.0
592,18 Sep 2019 16:10,56.4,14.7,10.0,6.0,6.0,76,True,9.1,5.6,84,12.53,12.53,63.0,9.79,7.5,74.0
593,18 Sep 2019 18:10,82.2,12.2,11.1,10.6,10.6,76,True,8.0,5.1,93,9.75,7.96,80.0,8.52,5.98,82.0
594,18 Sep 2019 20:10,93.2,10.4,8.9,5.8,5.8,87,False,7.3,4.6,94,8.15,7.11,90.0,8.03,5.28,86.0
595,18 Sep 2019 22:10,89.6,10.7,7.2,7.5,7.5,93,False,6.6,3.9,98,7.48,5.43,90.0,8.59,5.99,83.0
596,19 Sep 2019 00:10,88.8,10.3,7.2,4.5,4.5,93,False,5.9,2.8,97,6.85,4.79,95.0,7.92,5.06,81.0
597,19 Sep 2019 02:10,91.1,9.5,6.1,5.6,5.6,93,False,7.8,4.2,87,6.88,5.04,94.0,7.55,4.61,81.0
598,19 Sep 2019 04:10,90.3,9.3,5.0,4.4,4.4,100,False,10.8,7.9,73,6.15,4.86,91.0,10.25,10.25,75.0
599,19 Sep 2019 06:10,93.0,8.9,6.1,3.9,3.9,93,False,12.9,10.7,65,5.4,2.88,98.0,12.75,12.75,65.0
600,19 Sep 2019 08:10,91.3,8.9,7.8,6.6,5.1,87,False,14.0,12.0,60,6.7,4.19,93.0,14.75,14.75,52.0
601,19 Sep 2019 10:10,74.9,13.4,10.0,8.0,8.0,76,False,12.7,7.6,68,11.02,11.02,81.0,15.25,15.25,46.0
602,19 Sep 2019 12:10,65.1,15.0,12.8,12.8,10.8,71,False,11.5,8.0,71,12.39,12.39,68.0,14.32,14.32,47.0
603,19 Sep 2019 14:10,61.9,15.6,13.9,13.2,11.7,62,False,9.5,7.3,81,14.51,14.51,56.99999999999999,11.87,11.87,55.00000000000001
604,19 Sep 2019 16:10,58.3,16.7,7.8,5.3,5.3,87,True,8.7,6.3,81,11.87,11.87,71.0,9.82,7.83,66.0
605,19 Sep 2019 18:10,85.0,11.2,10.0,8.7,8.7,81,False,7.4,5.4,88,8.78,8.05,84.0,8.05,5.66,76.0
606,19 Sep 2019 20:10,88.8,11.1,7.2,6.4,6.4,81,False,5.9,3.4,94,7.72,5.32,92.0,6.27,3.67,81.0
607,19 Sep 2019 22:10,86.0,10.6,7.8,4.0,4.0,87,False,4.7,2.7,96,6.44,4.65,92.0,5.52,2.79,80.0
608,20 Sep 2019 00:10,89.9,10.0,6.1,3.9,3.9,93,False,4.2,1.7,97,6.05,3.73,91.0,5.4,2.73,80.0
609,20 Sep 2019 02:10,90.8,8.8,3.9,4.2,4.2,100,False,6.7,5.5,87,4.32,2.33,94.0,6.23,3.93,81.0
610,20 Sep 2019 04:10,90.6,7.9,3.9,1.4,1.4,93,False,10.6,10.0,72,2.88,0.52,98.0,9.22,7.7,72.0
611,20 Sep 2019 06:10,92.2,7.0,5.0,3.5,3.5,93,True,12.8,12.7,57,4.46,2.22,98.0,12.02,12.02,59.0
612,20 Sep 2019 08:10,91.4,7.9,5.0,3.1,3.1,93,False,13.6,14.1,52,5.07,3.35,97.0,14.57,14.57,43.0
613,20 Sep 2019 10:10,78.6,11.3,8.9,11.5,8.4,87,False,14.1,12.6,48,10.15,10.15,77.0,15.5,15.5,38.0
614,20 Sep 2019 12:10,60.2,16.5,12.8,13.3,11.3,58,False,12.5,12.1,57,13.27,13.27,59.0,14.04,14.04,41.0
615,20 Sep 2019 14:10,54.3,16.8,12.8,12.2,9.7,62,False,9.6,9.8,71,10.96,10.96,66.0,10.61,10.61,53.0
616,20 Sep 2019 16:10,79.5,14.1,12.8,14.5,14.5,62,False,9.3,8.4,72,13.65,13.65,55.00000000000001,9.01,7.73,63.0
617,20 Sep 2019 18:10,72.6,14.0,12.2,12.4,12.4,57,False,8.9,8.2,77,12.8,12.8,55.00000000000001,8.22,6.4,70.0
618,20 Sep 2019 20:10,67.9,13.2,10.0,9.6,9.6,71,False,8.5,6.8,81,8.58,7.96,77.0,8.17,6.01,74.0
619,20 Sep 2019 22:10,77.5,11.9,10.0,9.6,9.6,71,False,8.2,5.8,89,9.4,8.26,76.0,8.93,6.51,82.0
620,21 Sep 2019 00:10,75.4,12.0,10.0,10.2,10.2,76,False,9.0,5.9,89,9.92,8.62,77.0,9.52,7.05,84.0
621,21 Sep 2019 02:10,77.3,12.2,10.0,10.2,10.2,76,False,10.4,7.7,87,9.9,8.63,79.0,10.26,10.26,85.0
622,21 Sep 2019 04:10,88.7,11.4,8.9,7.6,7.6,100,False,13.1,10.6,77,9.27,7.59,100,12.31,12.31,80.0
623,21 Sep 2019 06:10,94.1,11.1,11.1,9.4,9.4,87,False,15.1,13.2,72,10.15,10.15,94.0,14.43,14.43,70.0
624,21 Sep 2019 08:10,91.7,12.0,12.2,10.7,10.7,87,False,16.7,15.7,65,11.83,11.83,86.0,17.4,17.4,55.00000000000001
625,21 Sep 2019 10:10,92.3,12.6,12.8,12.3,11.3,87,False,16.0,14.6,68,13.49,13.49,83.0,18.17,18.17,53.0
626,21 Sep 2019 12:10,91.4,14.1,13.9,12.7,11.7,82,False,15.2,13.4,69,15.35,15.35,74.0,16.93,16.93,57.99999999999999
627,21 Sep 2019 14:10,87.6,14.6,15.0,13.4,13.4,71,False,13.1,12.9,82,15.86,15.86,66.0,14.69,14.69,70.0
628,21 Sep 2019 16:10,77.4,15.7,15.0,13.6,13.6,67,False,11.8,11.6,87,15.36,15.36,65.0,12.38,12.38,80.0
629,21 Sep 2019 18:10,80.0,15.4,13.9,14.1,14.1,76,False,10.5,10.6,94,14.52,14.52,73.0,10.31,10.31,86.0
630,21 Sep 2019 20:10,91.6,13.0,11.1,11.3,11.3,93,False,8.3,8.5,100,11.81,11.81,88.0,8.9,7.76,90.0
631,21 Sep 2019 22:10,91.6,13.0,8.9,9.1,9.1,100,False,7.7,8.4,100,9.07,8.28,96.0,7.42,6.1,96.0
632,22 Sep 2019 00:10,91.7,12.0,7.8,8.0,8.0,93,False,7.4,7.8,100,8.55,7.19,97.0,6.95,5.63,100
633,22 Sep 2019 02:10,92.2,10.8,6.1,7.0,7.0,100,False,10.3,11.4,89,7.47,7.47,97.0,8.43,7.34,93.0
634,22 Sep 2019 04:10,91.9,10.2,5.0,7.5,7.5,100,False,14.8,16.7,72,5.78,5.78,100,13.07,13.07,75.0
635,22 Sep 2019 06:10,91.7,9.8,5.0,6.1,6.1,93,False,18.0,20.7,61,4.8,4.8,100,17.24,17.24,60.0
636,22 Sep 2019 08:10,90.9,9.4,8.9,11.6,9.6,93,False,19.7,21.9,55,6.86,5.85,94.0,20.78,20.78,48.0
637,22 Sep 2019 10:10,76.2,15.3,16.1,19.5,16.2,67,False,20.7,21.5,52,15.65,15.65,74.0,21.43,21.43,48.0
638,22 Sep 2019 12:10,55.0,21.7,18.9,20.8,17.6,52,False,17.6,18.6,65,19.1,19.1,53.0,19.2,19.2,56.00000000000001
639,22 Sep 2019 14:10,47.0,24.4,21.1,22.0,19.7,49,False,14.0,14.2,80,21.06,21.06,49.0,14.55,14.55,70.0
640,22 Sep 2019 16:10,49.5,22.5,21.1,21.5,19.9,49,False,12.6,13.6,81,21,21,50.0,11.95,11.95,79.0
641,22 Sep 2019 18:10,54.5,20.9,21.1,20.9,20.9,52,False,11.0,12.5,88,19.25,19.25,56.00000000000001,10.48,10.48,84.0
642,22 Sep 2019 20:10,65.2,18.6,12.2,13.3,13.3,87,False,9.6,10.4,94,14.18,14.18,70.0,9,8.46,88.0
643,22 Sep 2019 22:10,80.6,15.8,11.1,11.8,11.8,93,False,9.1,9.0,98,11.08,11.08,91.0,8.58,6.94,92.0
644,23 Sep 2019 00:10,89.6,13.9,10.0,10.7,10.7,100,False,9.0,8.2,97,9.2,9.2,98.0,8.45,6.08,97.0
645,23 Sep 2019 02:10,90.5,13.0,7.8,9.9,9.9,100,False,10.3,8.9,93,7.73,7.73,100,9.71,7.29,89.0
646,23 Sep 2019 04:10,91.0,12.0,8.9,9.6,9.6,100,False,13.0,12.0,77,7.65,6.49,100,11.99,11.99,79.0
647,23 Sep 2019 06:10,91.1,11.6,10.0,8.8,8.8,93,False,15.5,15.2,67,9.52,7.49,97.0,14.58,14.58,65.0
648,23 Sep 2019 08:10,91.9,12.6,10.0,7.6,7.6,93,False,17.2,17.2,60,10.82,10.82,91.0,17.31,17.31,55.00000000000001
649,23 Sep 2019 10:10,94.1,12.6,12.2,10.6,10.6,93,False,16.3,16.6,61,11.7,11.7,88.0,17.4,17.4,53.0
650,23 Sep 2019 12:10,92.2,13.8,13.9,12.0,11.0,76,False,14.5,13.3,65,14.21,14.21,79.0,15.77,15.77,56.99999999999999
651,23 Sep 2019 14:10,88.0,14.8,15.0,13.3,12.1,71,False,11.6,10.0,75,15.48,15.48,70.0,12.96,12.96,65.0
652,23 Sep 2019 16:10,75.0,16.8,16.1,14.8,13.8,63,False,10.2,8.1,80,15.74,15.74,66.0,11,11,71.0
653,23 Sep 2019 18:10,70.6,16.7,13.9,10.8,10.8,67,False,8.9,7.5,84,13.77,13.77,67.0,9.44,7.39,76.0
654,23 Sep 2019 20:10,71.9,15.0,12.2,9.0,9.0,71,False,7.8,7.0,86,10.65,10.65,81.0,7.53,5.3,86.0
655,23 Sep 2019 22:10,74.9,13.6,10.0,6.7,6.7,81,False,6.9,6.7,88,9.68,7.41,82.0,6,3.77,91.0
656,24 Sep 2019 00:10,77.8,12.0,7.8,4.5,4.5,87,False,4.6,3.6,99,8.05,5.36,85.0,5.28,2.83,94.0
657,24 Sep 2019 02:10,82.8,10.7,7.2,4.5,4.5,93,False,7.7,7.4,83,6.84,4.6,91.0,6.58,4.08,86.0
658,24 Sep 2019 04:10,84.8,10.0,6.1,3.9,3.9,93,False,11.6,13.8,70,5.78,3.35,90.0,10.55,10.55,71.0
659,24 Sep 2019 06:10,86.8,9.0,6.1,3.9,3.9,93,False,14.4,17.7,62,5.18,2.37,91.0,14.43,14.43,56.99999999999999
660,24 Sep 2019 08:10,86.2,9.3,7.2,5.2,5.2,87,False,16.3,19.2,56,6.58,4.27,84.0,17.42,17.42,51.0
661,24 Sep 2019 10:10,87.3,8.8,7.2,5.7,4.5,93,False,17.2,19.2,50,9.18,7.43,76.0,18.62,18.62,48.0
662,24 Sep 2019 12:10,88.6,9.4,8.9,8.8,7.0,87,False,14.4,14.7,62,10.81,10.81,72.0,16.98,16.98,56.00000000000001
663,24 Sep 2019 14:10,90.1,10.1,12.8,15.3,12.4,76,False,11.5,10.3,73,12.03,12.03,76.0,13.01,13.01,71.0
664,24 Sep 2019 16:10,78.2,14.1,15.0,17.7,15.2,67,False,10.3,8.5,76,15.36,15.36,65.0,11.02,11.02,83.0
665,24 Sep 2019 18:10,75.2,15.1,15.0,16.0,16.0,71,False,9.0,7.7,84,14.07,14.07,72.0,9.79,8.01,92.0
666,24 Sep 2019 20:10,85.3,14.1,8.9,9.6,9.6,93,False,7.8,7.0,89,8.62,7.58,100,8.64,6.69,100
667,24 Sep 2019 22:10,91.2,11.8,7.8,8.6,8.6,100,False,7.3,6.1,91,7.51,7.51,100,6.88,4.67,100
668,25 Sep 2019 00:10,92.0,11.1,8.9,9.6,9.6,87,False,7.5,6.2,85,8.11,7.11,97.0,7.28,4.91,100
669,25 Sep 2019 02:10,87.0,11.5,7.8,8.0,8.0,93,False,9.0,7.8,81,8.1,8.1,88.0,8.65,6.39,91.0
670,25 Sep 2019 04:10,86.5,11.1,7.8,8.0,8.0,87,False,12.8,12.4,70,7.45,6.59,87.0,11.52,11.52,78.0
671,25 Sep 2019 06:10,87.7,10.5,7.2,4.5,4.5,93,False,15.8,16.3,63,7.11,4.84,91.0,14.44,14.44,68.0
672,25 Sep 2019 08:10,87.3,9.9,7.8,6.3,6.3,81,False,17.1,17.5,61,7.73,5.58,84.0,16.76,16.76,63.0
673,25 Sep 2019 10:10,70.5,13.7,12.2,11.4,9.4,71,False,16.9,16.6,68,11.66,11.66,70.0,15.8,15.8,72.0
674,25 Sep 2019 12:10,69.5,13.9,15.0,15.6,13.0,62,False,15.9,15.4,75,15.35,15.35,62.0,15.04,15.04,80.0
675,25 Sep 2019 14:10,67.2,15.9,16.1,14.1,13.3,63,False,13.9,14.0,90,16.69,16.69,66.0,14.04,14.04,90.0
676,25 Sep 2019 16:10,76.2,15.8,15.0,14.1,14.1,76,True,12.6,12.2,96,14.42,14.42,80.0,12.92,12.92,100
677,25 Sep 2019 18:10,93.0,15.2,15.0,13.9,13.9,82,False,12.3,10.9,96,13.9,13.9,93.0,12.34,12.34,100
678,25 Sep 2019 20:10,93.0,15.1,13.9,11.9,11.9,93,True,12.0,12.7,97,13.12,13.12,100,11.85,11.85,100
679,25 Sep 2019 22:10,97.2,14.7,13.9,13.3,13.3,93,True,12.0,12.8,95,13.4,13.4,98.0,11.93,11.93,100
680,26 Sep 2019 00:10,98.2,14.8,12.8,13.2,13.2,100,False,12.0,10.8,94,13.05,13.05,100,12.03,12.03,100
681,26 Sep 2019 02:10,99.5,14.1,12.2,12.3,12.3,100,False,12.3,11.1,97,13.18,13.18,94.0,12.24,12.24,100
682,26 Sep 2019 04:10,99.5,14.1,12.2,11.9,11.9,100,False,13.6,13.1,94,13.11,13.11,94.0,13.65,13.65,92.0
683,26 Sep 2019 06:10,99.2,14.2,12.2,12.3,12.3,100,False,14.4,16.3,90,12.27,12.27,100,14.26,14.26,89.0
684,26 Sep 2019 08:10,99.8,13.9,12.8,13.9,13.9,100,False,15.4,17.2,86,12.53,12.53,97.0,14.3,14.3,87.0
685,26 Sep 2019 10:10,99.9,14.5,13.9,15.3,15.3,93,False,14.8,14.7,88,13.97,13.97,96.0,15.24,15.24,82.0
686,26 Sep 2019 12:10,99.1,15.2,15.0,16.2,16.2,87,False,14.2,14.8,90,15.06,15.06,89.0,15.28,15.28,83.0
687,26 Sep 2019 14:10,97.4,15.6,16.1,17.6,17.6,82,False,12.6,12.1,98,15.59,15.59,85.0,13.14,13.14,95.0
688,26 Sep 2019 16:10,96.0,16.4,15.0,14.6,14.6,87,False,12.2,12.8,99,15.77,15.77,84.0,11.96,11.96,100
689,26 Sep 2019 18:10,96.5,16.1,15.0,15.2,15.2,87,False,11.6,12.6,100,13.82,13.82,96.0,10.98,10.98,100
690,26 Sep 2019 20:10,97.1,15.4,13.9,14.1,14.1,93,False,11.1,12.6,99,12.49,12.49,100,9.19,9.19,100
691,26 Sep 2019 22:10,98.9,15.3,13.9,14.1,14.1,93,False,10.6,12.1,98,12.91,12.91,97.0,9.2,9.2,100
692,27 Sep 2019 00:10,98.8,15.3,13.9,13.3,13.3,93,False,10.4,11.7,98,13.09,13.09,100,9.31,9.31,100
693,27 Sep 2019 02:10,99.9,14.9,13.9,13.3,13.3,93,False,11.5,12.3,97,12.6,12.6,100,10.38,10.38,100
694,27 Sep 2019 04:10,99.9,14.9,13.9,12.9,12.9,93,False,13.7,15.0,90,13.69,13.69,95.0,13.13,13.13,89.0
695,27 Sep 2019 06:10,99.9,14.8,12.8,12.8,12.8,100,True,16.0,17.2,78,13.13,13.13,100,15.51,15.51,86.0
696,27 Sep 2019 08:10,99.9,14.5,12.8,12.8,12.8,100,False,17.2,18.5,72,14.26,14.31,99.0,18.17,18.17,73.0
697,27 Sep 2019 10:10,99.9,14.5,13.9,15.1,15.1,100,False,18.4,17.7,67,14.67,14.72,97.0,19.43,19.43,66.0
698,27 Sep 2019 12:10,99.9,15.0,16.1,15.7,14.6,82,False,16.7,15.6,74,16.05,16.05,83.0,18.6,18.6,67.0
699,27 Sep 2019 14:10,94.4,16.4,17.2,17.7,16.2,77,False,14.7,11.4,86,16.45,16.45,79.0,15.12,15.12,84.0
700,27 Sep 2019 16:10,87.6,18.0,17.8,16.9,16.9,67,False,14.5,11.2,89,18.49,18.49,68.0,14.53,14.53,89.0
701,27 Sep 2019 18:10,83.5,18.3,17.2,15.6,15.6,77,False,14.1,10.5,97,16.72,16.72,76.0,14.47,14.47,94.0
702,27 Sep 2019 20:10,90.7,17.1,16.1,14.0,14.0,82,False,13.9,12.1,97,15.02,15.02,86.0,14.8,14.8,94.0
703,27 Sep 2019 22:10,93.0,16.6,15.0,13.0,13.0,87,False,14.0,11.0,96,15.68,15.68,86.0,14.79,14.86,97.0
704,28 Sep 2019 00:10,95.9,16.3,15.0,11.9,11.9,93,False,14.0,12.3,96,15.01,15.05,95.0,14.36,14.44,99.0
705,28 Sep 2019 02:10,98.7,16.0,13.9,11.4,11.4,100,False,14.2,10.5,98,15.07,15.12,95.0,13.6,13.62,100
706,28 Sep 2019 04:10,99.7,15.6,15.0,14.2,14.2,93,True,15.6,14.4,92,14.36,14.46,100,15.07,15.07,93.0
707,28 Sep 2019 06:10,99.9,15.7,15.0,12.0,12.0,100,True,17.2,17.0,79,14.66,14.79,100,16.37,16.37,83.0
708,28 Sep 2019 08:10,99.9,15.9,15.0,14.5,14.5,93,False,18.7,16.1,69,14.98,15.12,99.0,18.12,18.12,73.0
709,28 Sep 2019 10:10,99.9,15.4,15.0,14.1,13.0,87,False,17.9,18.3,69,15.35,15.35,84.0,18.77,18.77,70.0
710,28 Sep 2019 12:10,95.7,16.2,16.1,16.3,14.0,77,False,16.2,16.3,78,15.7,15.7,75.0,17.77,17.77,71.0
711,28 Sep 2019 14:10,79.9,19.4,17.8,17.6,16.0,67,False,13.3,11.3,94,17.36,17.36,70.0,15.01,15.01,81.0
712,28 Sep 2019 16:10,79.9,19.7,18.9,18.7,17.6,63,False,12.9,11.8,94,18.12,18.12,67.0,13.95,13.95,85.0
713,28 Sep 2019 18:10,77.5,18.9,16.1,16.6,16.6,77,False,12.5,11.1,95,16.8,16.8,72.0,13.65,13.65,88.0
714,28 Sep 2019 20:10,90.0,17.5,15.0,14.7,14.7,87,False,12.2,11.1,95,14,14,87.0,13.12,13.12,88.0
715,28 Sep 2019 22:10,96.6,15.9,13.9,13.6,13.6,87,False,11.6,10.3,94,13.78,13.78,88.0,12.71,12.71,89.0
716,29 Sep 2019 00:10,96.4,15.2,12.8,12.4,12.4,87,False,11.7,9.5,92,12.96,12.96,90.0,12.23,12.23,92.0
717,29 Sep 2019 02:10,96.3,14.2,12.8,13.0,13.0,87,False,12.5,10.2,91,12.87,12.87,90.0,12.66,12.66,93.0
718,29 Sep 2019 04:10,95.5,14.4,12.8,12.4,12.4,87,False,15.1,13.2,79,12.4,12.4,90.0,14.58,14.58,84.0
719,29 Sep 2019 06:10,95.7,13.9,12.8,11.8,11.8,87,False,16.8,15.4,69,12.78,12.78,90.0,16.11,16.11,77.0
720,29 Sep 2019 08:10,95.2,13.9,12.8,13.0,11.8,87,False,17.3,15.5,67,12.78,12.78,91.0,17.26,17.26,72.0
721,29 Sep 2019 10:10,94.8,14.4,16.1,16.4,14.6,77,False,16.7,15.4,70,15.39,15.39,77.0,18.36,18.36,63.0
722,29 Sep 2019 12:10,83.9,17.6,17.2,16.9,15.6,67,False,15.8,14.4,73,17.64,17.64,67.0,17.62,17.62,63.0
723,29 Sep 2019 14:10,73.0,19.1,17.8,16.7,15.6,63,False,14.1,12.8,80,19.32,19.32,56.99999999999999,16.37,16.37,68.0
724,29 Sep 2019 16:10,70.3,18.6,17.8,16.9,16.9,59,False,12.6,11.1,88,18.13,18.13,60.0,15.83,15.83,71.0
725,29 Sep 2019 18:10,72.4,18.2,16.1,15.4,15.4,77,True,14.5,12.7,81,16.53,16.53,67.0,15.79,15.79,75.0
726,29 Sep 2019 20:10,87.8,17.2,15.0,13.1,13.1,82,False,14.7,11.0,83,14.79,14.79,79.0,16.05,16.05,78.0
727,29 Sep 2019 22:10,89.6,15.9,13.9,11.4,11.4,82,True,14.9,12.7,80,13.34,13.34,91.0,15.78,15.78,77.0
728,30 Sep 2019 00:10,91.3,15.7,13.9,11.9,11.9,87,True,14.8,12.1,79,13.59,13.59,91.0,16.02,16.02,76.0
729,30 Sep 2019 02:10,96.0,15.2,12.8,10.8,10.8,93,False,14.7,9.8,86,14.01,14.01,89.0,15.93,15.93,82.0
730,30 Sep 2019 04:10,96.2,15.2,13.9,12.5,12.5,93,False,16.9,12.7,78,14.33,14.33,83.0,16.31,16.31,86.0
731,30 Sep 2019 06:10,95.1,15.7,15.0,13.3,13.3,82,False,15.2,10.6,84,15.41,15.41,83.0,15.75,15.75,88.0
732,30 Sep 2019 08:10,93.4,16.0,15.0,13.7,13.7,87,True,14.2,8.4,92,15.27,15.27,83.0,14.85,14.85,91.0
733,30 Sep 2019 10:10,99.6,15.3,17.2,16.4,15.3,82,True,13.5,7.3,84,15.44,15.51,94.0,13.52,13.52,89.0
734,30 Sep 2019 12:10,96.1,16.8,16.1,14.0,14.0,93,True,12.1,5.1,92,15.92,15.92,89.0,13.02,13.02,87.0
735,30 Sep 2019 14:10,99.9,16.0,16.1,13.5,12.4,87,False,11.0,4.7,99,14.49,14.49,93.0,12.78,12.78,89.0
736,30 Sep 2019 16:10,97.5,16.3,12.8,7.9,7.9,93,False,11.3,5.9,91,15.45,15.45,78.0,12.35,12.35,87.0
737,30 Sep 2019 18:10,99.1,14.1,12.2,6.1,6.1,93,False,10.9,6.2,89,12.51,12.51,90.0,12,12,88.0
738,30 Sep 2019 20:10,99.9,12.3,12.2,6.1,6.1,93,True,10.4,5.7,89,11.85,11.85,94.0,11.48,11.48,93.0
739,30 Sep 2019 22:10,99.9,12.4,12.2,6.8,6.8,87,False,9.7,5.9,87,11.66,11.66,91.0,10.73,10.73,93.0
740,01 Oct 2019 00:10,99.9,12.8,12.2,8.4,8.4,87,False,8.9,5.0,93,11.79,11.79,88.0,10.49,10.49,94.0
741,01 Oct 2019 02:10,97.3,12.7,11.1,7.3,7.3,87,False,10.2,7.2,92,11.84,11.84,88.0,10.72,10.72,98.0
742,01 Oct 2019 04:10,94.7,12.0,11.1,8.9,8.9,81,False,12.7,9.8,82,10.4,10.4,82.0,12.85,12.85,89.0
743,01 Oct 2019 06:10,95.4,11.5,10.0,8.2,8.2,93,False,14.3,12.1,72,9.67,7.96,90.0,14.09,14.09,83.0
744,01 Oct 2019 08:10,98.0,11.4,11.1,10.5,9.4,87,False,14.7,13.2,71,10.45,10.45,96.0,15.27,15.27,74.0
745,01 Oct 2019 10:10,92.5,13.5,13.9,13.2,12.1,76,False,15.4,13.9,72,14.14,14.14,78.0,16.11,16.11,70.0
746,01 Oct 2019 12:10,82.8,16.0,15.0,14.1,12.7,71,False,15.8,13.8,71,15.38,15.38,70.0,16.97,16.97,67.0
